Workbook

Sheet New report
A1: Perdiem Report in March 2020
A2: Item | B2: AllStar ID | C2: Name - Surname | D2: 43891 | AI2: Count Day | AJ2: Total Perdiem (THB) | AL2: Cross Checked by Supervisor | AM2: REMARK
D3: 1 | E3: 2 | F3: 3 | G3: 4 | H3: 5 | I3: 6 | J3: 7 | K3: 8 | L3: 9 | M3: 10 | N3: 11 | O3: 12 | P3: 13 | Q3: 14 | R3: 15 | S3: 16 | T3: 17 | U3: 18 | V3: 19 | W3: 20 | X3: 21 | Y3: 22 | Z3: 23 | AA3: 24 | AB3: 25 | AC3: 26 | AD3: 27 | AE3: 28 | AF3: 29 | AG3: 30 | AH3: 31 | AK3: Dupplicate Check
A4: 1 | C4: =iferror(vlookup(B4,'Crew Data'!C:G,5,0)," ") | D4: FALSE | E4: FALSE | F4: FALSE | G4: FALSE | H4: FALSE | I4: FALSE | J4: FALSE | K4: FALSE | L4: FALSE | M4: FALSE | N4: FALSE | O4: FALSE | P4: FALSE | Q4: FALSE | R4: FALSE | S4: FALSE | T4: FALSE | U4: FALSE | V4: FALSE | W4: FALSE | X4: FALSE | Y4: FALSE | Z4: FALSE | AA4: FALSE | AB4: FALSE | AC4: FALSE | AD4: FALSE | AE4: FALSE | AF4: FALSE | AG4: FALSE | AH4: FALSE | AI4: =countif(D4:AH4,"True") -> 0 | AJ4: =AI4*400 -> 0 | AK4: =COUNTIF(B:B,B4) -> 0
A5: 2 | C5: =iferror(vlookup(B5,'Crew Data'!C:G,5,0)," ") | D5: FALSE | E5: FALSE | F5: FALSE | G5: FALSE | H5: FALSE | I5: FALSE | J5: FALSE | K5: FALSE | L5: FALSE | M5: FALSE | N5: FALSE | O5: FALSE | P5: FALSE | Q5: FALSE | R5: FALSE | S5: FALSE | T5: FALSE | U5: FALSE | V5: FALSE | W5: FALSE | X5: FALSE | Y5: FALSE | Z5: FALSE | AA5: FALSE | AB5: FALSE | AC5: FALSE | AD5: FALSE | AE5: FALSE | AF5: FALSE | AG5: FALSE | AH5: FALSE | AI5: =countif(D5:AH5,"True") -> 0 | AJ5: =AI5*400 -> 0 | AK5: =COUNTIF(B:B,B5) -> 0
A6: 3 | C6: =iferror(vlookup(B6,'Crew Data'!C:G,5,0)," ") | D6: FALSE | E6: FALSE | F6: FALSE | G6: FALSE | H6: FALSE | I6: FALSE | J6: FALSE | K6: FALSE | L6: FALSE | M6: FALSE | N6: FALSE | O6: FALSE | P6: FALSE | Q6: FALSE | R6: FALSE | S6: FALSE | T6: FALSE | U6: FALSE | V6: FALSE | W6: FALSE | X6: FALSE | Y6: FALSE | Z6: FALSE | AA6: FALSE | AB6: FALSE | AC6: FALSE | AD6: FALSE | AE6: FALSE | AF6: FALSE | AG6: FALSE | AH6: FALSE | AI6: =countif(D6:AH6,"True") -> 0 | AJ6: =AI6*400 -> 0 | AK6: =COUNTIF(B:B,B6) -> 0
A7: 4 | C7: =iferror(vlookup(B7,'Crew Data'!C:G,5,0)," ") | D7: FALSE | E7: FALSE | F7: FALSE | G7: FALSE | H7: FALSE | I7: FALSE | J7: FALSE | K7: FALSE | L7: FALSE | M7: FALSE | N7: FALSE | O7: FALSE | P7: FALSE | Q7: FALSE | R7: FALSE | S7: FALSE | T7: FALSE | U7: FALSE | V7: FALSE | W7: FALSE | X7: FALSE | Y7: FALSE | Z7: FALSE | AA7: FALSE | AB7: FALSE | AC7: FALSE | AD7: FALSE | AE7: FALSE | AF7: FALSE | AG7: FALSE | AH7: FALSE | AI7: =countif(D7:AH7,"True") -> 0 | AJ7: =AI7*400 -> 0 | AK7: =COUNTIF(B:B,B7) -> 0
A8: 5 | C8: =iferror(vlookup(B8,'Crew Data'!C:G,5,0)," ") | D8: FALSE | E8: FALSE | F8: FALSE | G8: FALSE | H8: FALSE | I8: FALSE | J8: FALSE | K8: FALSE | L8: FALSE | M8: FALSE | N8: FALSE | O8: FALSE | P8: FALSE | Q8: FALSE | R8: FALSE | S8: FALSE | T8: FALSE | U8: FALSE | V8: FALSE | W8: FALSE | X8: FALSE | Y8: FALSE | Z8: FALSE | AA8: FALSE | AB8: FALSE | AC8: FALSE | AD8: FALSE | AE8: FALSE | AF8: FALSE | AG8: FALSE | AH8: FALSE | AI8: =countif(D8:AH8,"True") -> 0 | AJ8: =AI8*400 -> 0 | AK8: =COUNTIF(B:B,B8) -> 0
A9: 6 | C9: =iferror(vlookup(B9,'Crew Data'!C:G,5,0)," ") | D9: FALSE | E9: FALSE | F9: FALSE | G9: FALSE | H9: FALSE | I9: FALSE | J9: FALSE | K9: FALSE | L9: FALSE | M9: FALSE | N9: FALSE | O9: FALSE | P9: FALSE | Q9: FALSE | R9: FALSE | S9: FALSE | T9: FALSE | U9: FALSE | V9: FALSE | W9: FALSE | X9: FALSE | Y9: FALSE | Z9: FALSE | AA9: FALSE | AB9: FALSE | AC9: FALSE | AD9: FALSE | AE9: FALSE | AF9: FALSE | AG9: FALSE | AH9: FALSE | AI9: =countif(D9:AH9,"True") -> 0 | AJ9: =AI9*400 -> 0 | AK9: =COUNTIF(B:B,B9) -> 0
A10: 7 | C10: =iferror(vlookup(B10,'Crew Data'!C:G,5,0)," ") | D10: FALSE | E10: FALSE | F10: FALSE | G10: FALSE | H10: FALSE | I10: FALSE | J10: FALSE | K10: FALSE | L10: FALSE | M10: FALSE | N10: FALSE | O10: FALSE | P10: FALSE | Q10: FALSE | R10: FALSE | S10: FALSE | T10: FALSE | U10: FALSE | V10: FALSE | W10: FALSE | X10: FALSE | Y10: FALSE | Z10: FALSE | AA10: FALSE | AB10: FALSE | AC10: FALSE | AD10: FALSE | AE10: FALSE | AF10: FALSE | AG10: FALSE | AH10: FALSE | AI10: =countif(D10:AH10,"True") -> 0 | AJ10: =AI10*400 -> 0 | AK10: =COUNTIF(B:B,B10) -> 0
A11: 8 | C11: =iferror(vlookup(B11,'Crew Data'!C:G,5,0)," ") | D11: FALSE | E11: FALSE | F11: FALSE | G11: FALSE | H11: FALSE | I11: FALSE | J11: FALSE | K11: FALSE | L11: FALSE | M11: FALSE | N11: FALSE | O11: FALSE | P11: FALSE | Q11: FALSE | R11: FALSE | S11: FALSE | T11: FALSE | U11: FALSE | V11: FALSE | W11: FALSE | X11: FALSE | Y11: FALSE | Z11: FALSE | AA11: FALSE | AB11: FALSE | AC11: FALSE | AD11: FALSE | AE11: FALSE | AF11: FALSE | AG11: FALSE | AH11: FALSE | AI11: =countif(D11:AH11,"True") -> 0 | AJ11: =AI11*400 -> 0 | AK11: =COUNTIF(B:B,B11) -> 0
A12: 9 | C12: =iferror(vlookup(B12,'Crew Data'!C:G,5,0)," ") | D12: FALSE | E12: FALSE | F12: FALSE | G12: FALSE | H12: FALSE | I12: FALSE | J12: FALSE | K12: FALSE | L12: FALSE | M12: FALSE | N12: FALSE | O12: FALSE | P12: FALSE | Q12: FALSE | R12: FALSE | S12: FALSE | T12: FALSE | U12: FALSE | V12: FALSE | W12: FALSE | X12: FALSE | Y12: FALSE | Z12: FALSE | AA12: FALSE | AB12: FALSE | AC12: FALSE | AD12: FALSE | AE12: FALSE | AF12: FALSE | AG12: FALSE | AH12: FALSE | AI12: =countif(D12:AH12,"True") -> 0 | AJ12: =AI12*400 -> 0 | AK12: =COUNTIF(B:B,B12) -> 0
A13: 10 | C13: =iferror(vlookup(B13,'Crew Data'!C:G,5,0)," ") | D13: FALSE | E13: FALSE | F13: FALSE | G13: FALSE | H13: FALSE | I13: FALSE | J13: FALSE | K13: FALSE | L13: FALSE | M13: FALSE | N13: FALSE | O13: FALSE | P13: FALSE | Q13: FALSE | R13: FALSE | S13: FALSE | T13: FALSE | U13: FALSE | V13: FALSE | W13: FALSE | X13: FALSE | Y13: FALSE | Z13: FALSE | AA13: FALSE | AB13: FALSE | AC13: FALSE | AD13: FALSE | AE13: FALSE | AF13: FALSE | AG13: FALSE | AH13: FALSE | AI13: =countif(D13:AH13,"True") -> 0 | AJ13: =AI13*400 -> 0 | AK13: =COUNTIF(B:B,B13) -> 0
A14: 11 | C14: =iferror(vlookup(B14,'Crew Data'!C:G,5,0)," ") | D14: FALSE | E14: FALSE | F14: FALSE | G14: FALSE | H14: FALSE | I14: FALSE | J14: FALSE | K14: FALSE | L14: FALSE | M14: FALSE | N14: FALSE | O14: FALSE | P14: FALSE | Q14: FALSE | R14: FALSE | S14: FALSE | T14: FALSE | U14: FALSE | V14: FALSE | W14: FALSE | X14: FALSE | Y14: FALSE | Z14: FALSE | AA14: FALSE | AB14: FALSE | AC14: FALSE | AD14: FALSE | AE14: FALSE | AF14: FALSE | AG14: FALSE | AH14: FALSE | AI14: =countif(D14:AH14,"True") -> 0 | AJ14: =AI14*400 -> 0 | AK14: =COUNTIF(B:B,B14) -> 0
A15: 12 | C15: =iferror(vlookup(B15,'Crew Data'!C:G,5,0)," ") | D15: FALSE | E15: FALSE | F15: FALSE | G15: FALSE | H15: FALSE | I15: FALSE | J15: FALSE | K15: FALSE | L15: FALSE | M15: FALSE | N15: FALSE | O15: FALSE | P15: FALSE | Q15: FALSE | R15: FALSE | S15: FALSE | T15: FALSE | U15: FALSE | V15: FALSE | W15: FALSE | X15: FALSE | Y15: FALSE | Z15: FALSE | AA15: FALSE | AB15: FALSE | AC15: FALSE | AD15: FALSE | AE15: FALSE | AF15: FALSE | AG15: FALSE | AH15: FALSE | AI15: =countif(D15:AH15,"True") -> 0 | AJ15: =AI15*400 -> 0 | AK15: =COUNTIF(B:B,B15) -> 0
... A148: 145 | C148: =iferror(vlookup(B148,'Crew Data'!C:G,5,0)," ") | D148: FALSE | E148: FALSE | F148: FALSE | G148: FALSE | H148: FALSE | I148: FALSE | J148: FALSE | K148: FALSE | L148: FALSE | M148: FALSE | N148: FALSE | O148: FALSE | P148: FALSE | Q148: FALSE | R148: FALSE | S148: FALSE | T148: FALSE | U148: FALSE | V148: FALSE | W148: FALSE | X148: FALSE | Y148: FALSE | Z148: FALSE | AA148: FALSE | AB148: FALSE | AC148: FALSE | AD148: FALSE | AE148: FALSE | AF148: FALSE | AG148: FALSE | AH148: FALSE | AI148: =countif(D148:AH148,"True") -> 0 | AJ148: =AI148*400 -> 0 | AK148: =COUNTIF(B:B,B148) -> 0

Sheet DECEMBER 21
A1: Perdiem Report in December 2021 | H1: Last updated : 1 January 2022 Time: 12.00 (Status : CLOSE)
A2: Item | B2: New ID No. | C2: Employee name | D2: Period | E2: Description
E3: Days | F3: Total Perdiem (THB) | H3: Cross Checked by Supervisor | I3: REMARK
C4: =vlookup(B4,'Crew Data'!C:G,5,0) -> #N/A | F4: =E4*400 -> 0 | G4: =COUNTIF(B:B,B4) -> 0
A7: ไม่มีการทำจ่ายเงินค่า Posting

Sheet MARCH 23
A1: Perdiem Report in MARCH 2023 | H1: Last updated : 03 April 2023 Time: 12.00 (Status : CLOSE)
A2: Item | B2: New ID No. | C2: Employee name | D2: Period | E2: Description
E3: Days | F3: Total Perdiem (THB) | H3: Cross Checked by Supervisor | I3: REMARK
A4: 1 | B4: 1000732 | C4: =vlookup(B4,'Crew Data'!C:G,5,0) -> Inthra Mathiang | D4: 25-27 March 2023 | E4: 3 | F4: =E4*400 -> 1200 | G4: =COUNTIF(B:B,B4) -> 1 | H4: CHECKED (OK)
A5: 2 | B5: 1011507 | C5: =vlookup(B5,'Crew Data'!C:G,5,0) -> Weerinpimon Rhuecharoen | D5: 25-27 March 2023 | E5: 3 | F5: =E5*400 -> 1200 | G5: =COUNTIF(B:B,B5) -> 1 | H5: CHECKED (OK)
A6: 3 | B6: 1010890 | C6: =vlookup(B6,'Crew Data'!C:G,5,0) -> Keetawan Udomkiattikul | D6: 25-27 March 2023 | E6: 3 | F6: =E6*400 -> 1200 | G6: =COUNTIF(B:B,B6) -> 1 | H6: CHECKED (OK)
A7: 4 | B7: 1006747 | C7: =vlookup(B7,'Crew Data'!C:G,5,0) -> Phichayanat Duangprasanchai | D7: 26-28 March 2023 | E7: 3 | F7: =E7*400 -> 1200 | G7: =COUNTIF(B:B,B7) -> 1 | H7: CHECKED (OK)
A8: 5 | B8: 1007011 | C8: =vlookup(B8,'Crew Data'!C:G,5,0) -> Jeeraprapa Tuptimdang | D8: 27-29 March 2023 | E8: 3 | F8: =E8*400 -> 1200 | G8: =COUNTIF(B:B,B8) -> 1 | H8: CHECKED (OK)
A9: 6 | B9: 1007020 | C9: =vlookup(B9,'Crew Data'!C:G,5,0) -> Thamonwan Chinnarukbumrung | D9: 27-29 March 2023 | E9: 3 | F9: =E9*400 -> 1200 | G9: =COUNTIF(B:B,B9) -> 1 | H9: CHECKED (OK)
A10: 7 | B10: 1012899 | C10: =vlookup(B10,'Crew Data'!C:G,5,0) -> Pichaya Sonthigorn | D10: 25-27 March 2023 | E10: 3 | F10: =E10*400 -> 1200 | G10: =COUNTIF(B:B,B10) -> 1 | H10: CHECKED (OK)
A11: 8 | B11: 1018791 | C11: =vlookup(B11,'Crew Data'!C:G,5,0) -> Kitdanai Tiantanawit | D11: 26-28 March 2023 | E11: 3 | F11: =E11*400 -> 1200 | G11: =COUNTIF(B:B,B11) -> 1 | H11: CHECKED (OK)
A12: 9 | B12: 1007017 | C12: =vlookup(B12,'Crew Data'!C:G,5,0) -> #N/A | D12: 26-28 March 2023 | E12: 3 | F12: =E12*400 -> 1200 | G12: =COUNTIF(B:B,B12) -> 1 | H12: CHECKED (OK)
A13: 10 | B13: 1018807 | C13: =vlookup(B13,'Crew Data'!C:G,5,0) -> Prapassorn Soonsorn | D13: 27-29 March 2023 | E13: 3 | F13: =E13*400 -> 1200 | G13: =COUNTIF(B:B,B13) -> 1 | H13: CHECKED (OK)
A14: 11 | B14: 1025318 | C14: =vlookup(B14,'Crew Data'!C:G,5,0) -> Jetsada Sutthiniam | D14: 28-30 March 2023 | E14: 3 | F14: =E14*400 -> 1200 | G14: =COUNTIF(B:B,B14) -> 1 | H14: CHECKED (OK)
A15: 12 | B15: 1006352 | C15: =vlookup(B15,'Crew Data'!C:G,5,0) -> Sirinthip Singhadecha | D15: 27-29 March 2023 | E15: 3 | F15: =E15*400 -> 1200 | G15: =COUNTIF(B:B,B15) -> 1 | H15: CHECKED (OK)
... A23: 20 | B23: 1007016 | C23: =vlookup(B23,'Crew Data'!C:G,5,0) -> Sathita Pongsomran | D23: 26-28 March 2023 | E23: 3 | F23: =E23*400 -> 1200 | G23: =COUNTIF(B:B,B23) -> 1 | H23: CHECKED (OK)
A24: END OF REPORT 4 APRIL 2023

Sheet APRIL 23
A1: Perdiem Report in APRIL 2023 | H1: Last updated : 02 May 2023 Time: 17.00 (Status : CLOSE)
A2: Item | B2: New ID No. | C2: Employee name | D2: Period | E2: Description
E3: Days | F3: Total Perdiem (THB) | H3: Cross Checked by Supervisor | I3: REMARK
A4: 1 | B4: 1003385 | C4: =vlookup(B4,'Crew Data'!C:G,5,0) -> Jaruma Jantarapap | D4: 3-4 April 2023 | E4: 2 | F4: =E4*400 -> 800 | G4: =COUNTIF(B:B,B4) -> 1 | H4: CHECKED (OK)
A5: 2 | B5: 1004213 | C5: =vlookup(B5,'Crew Data'!C:G,5,0) -> Worapada Suetrongmunkong | D5: 8-9 April 2023 | E5: 2 | F5: =E5*400 -> 800 | G5: =COUNTIF(B:B,B5) -> 1 | H5: CHECKED (OK)
A6: 3 | B6: 1022989 | C6: =vlookup(B6,'Crew Data'!C:G,5,0) -> Peeranat Chavitranurak | D6: 7-8 April 2023 | E6: 2 | F6: =E6*400 -> 800 | G6: =COUNTIF(B:B,B6) -> 1 | H6: CHECKED (OK)
A7: 4 | B7: 1005287 | C7: =vlookup(B7,'Crew Data'!C:G,5,0) -> Thanawan Seemakul | D7: 8-9 April 2023 | E7: 2 | F7: =E7*400 -> 800 | G7: =COUNTIF(B:B,B7) -> 1 | H7: CHECKED (OK)
A8: 5 | B8: 1022660 | C8: =vlookup(B8,'Crew Data'!C:G,5,0) -> Ketjiya Sriamonsak | D8: 9-10 April 2023 | E8: 2 | F8: =E8*400 -> 800 | G8: =COUNTIF(B:B,B8) -> 1 | H8: CHECKED (OK)
A9: 6 | B9: 1007416 | C9: =vlookup(B9,'Crew Data'!C:G,5,0) -> Metus Leearporn | D9: 2-3 April 2023 | E9: 2 | F9: =E9*400 -> 800 | G9: =COUNTIF(B:B,B9) -> 1 | H9: CHECKED (OK)
A10: 7 | B10: 1007277 | C10: =vlookup(B10,'Crew Data'!C:G,5,0) -> Theerapat Sudsawas | D10: 2-3 April 2023 | E10: 2 | F10: =E10*400 -> 800 | G10: =COUNTIF(B:B,B10) -> 1 | H10: CHECKED (OK)
A11: 8 | B11: 1018803 | C11: =vlookup(B11,'Crew Data'!C:G,5,0) -> Natthaphon Poosomchit | D11: 3-4, 10-11 April 2023 | E11: 4 | F11: =E11*400 -> 1600 | G11: =COUNTIF(B:B,B11) -> 1 | H11: CHECKED (OK)
A12: 9 | B12: 1003386 | C12: =vlookup(B12,'Crew Data'!C:G,5,0) -> #N/A | D12: 11-12 April 2023 | E12: 2 | F12: =E12*400 -> 800 | G12: =COUNTIF(B:B,B12) -> 1 | H12: CHECKED (OK)
A13: 10 | B13: 1003384 | C13: =vlookup(B13,'Crew Data'!C:G,5,0) -> Chatchaya Bhoocharyarth | D13: 6-7 April 2023 | E13: 2 | F13: =E13*400 -> 800 | G13: =COUNTIF(B:B,B13) -> 1 | H13: CHECKED (OK)
A14: 11 | B14: 1001818 | C14: =vlookup(B14,'Crew Data'!C:G,5,0) -> Tanyapat Limthananat | D14: 14-15 April 2023 | E14: 2 | F14: =E14*400 -> 800 | G14: =COUNTIF(B:B,B14) -> 1 | H14: CHECKED (OK)
A15: 12 | B15: 1017926 | C15: =vlookup(B15,'Crew Data'!C:G,5,0) -> Noppamanee Samranrat | D15: 4-5 April 2023 | E15: 2 | F15: =E15*400 -> 800 | G15: =COUNTIF(B:B,B15) -> 1 | H15: CHECKED (OK)
... A84: 81 | B84: 1007153 | C84: =vlookup(B84,'Crew Data'!C:G,5,0) -> Pannathat Chuchuaisuwan | D84: 8-9, 18-19, 30 April / 1 May 2023 | E84: 6 | F84: =E84*400 -> 2400 | G84: =COUNTIF(B:B,B84) -> 1 | H84: CHECKED (OK)

Sheet JUNE 23
A1: Perdiem Report in JUNE 2023 | H1: Last updated : 03 JULY 2023 Time: 12.00 (Status : CLOSE)
A2: Item | B2: New ID No. | C2: Employee name | D2: Period | E2: Description
E3: Days | F3: Total Perdiem (THB) | H3: Cross Checked by Supervisor | I3: REMARK
A4: 1 | B4: 1022858 | C4: =vlookup(B4,'Crew Data'!C:G,5,0) -> Methakarn Ratanamalaya | D4: 14-15 May 2023 | E4: 2 | F4: =E4*400 -> 800 | G4: =COUNTIF(B:B,B4) -> 1 | H4: CHECKED (OK)
A5: 2 | B5: 1002986 | C5: =vlookup(B5,'Crew Data'!C:G,5,0) -> Sirikhwan Siringoen | D5: 9-10 June 2023 | E5: 2 | F5: =E5*400 -> 800 | G5: =COUNTIF(B:B,B5) -> 1 | H5: CHECKED (OK)
A6: 3 | B6: 1008894 | C6: =vlookup(B6,'Crew Data'!C:G,5,0) -> Piyaphong Hongsiri | D6: 9-10 June 2023 | E6: 2 | F6: =E6*400 -> 800 | G6: =COUNTIF(B:B,B6) -> 1 | H6: CHECKED (OK)
A7: 4 | B7: 1007153 | C7: =vlookup(B7,'Crew Data'!C:G,5,0) -> Pannathat Chuchuaisuwan | D7: 5-6 June 2023 | E7: 2 | F7: =E7*400 -> 800 | G7: =COUNTIF(B:B,B7) -> 1 | H7: CHECKED (OK)
A8: 5 | B8: 1007034 | C8: =vlookup(B8,'Crew Data'!C:G,5,0) -> Raveekankate Sukasemthongdi | D8: 9-10 June 2023 | E8: 2 | F8: =E8*400 -> 800 | G8: =COUNTIF(B:B,B8) -> 1 | H8: CHECKED (OK)
A9: 6 | B9: 1007157 | C9: =vlookup(B9,'Crew Data'!C:G,5,0) -> Pichanun Seneetantikul | D9: 5-6 June 2023 | E9: 2 | F9: =E9*400 -> 800 | G9: =COUNTIF(B:B,B9) -> 1 | H9: CHECKED (OK)
A10: 7 | B10: 1005443 | C10: =vlookup(B10,'Crew Data'!C:G,5,0) -> Pipassa Laopiyasakul | D10: 6-7 June 2023 | E10: 2 | F10: =E10*400 -> 800 | G10: =COUNTIF(B:B,B10) -> 1 | H10: CHECKED (OK)
A11: 8 | B11: 1007161 | C11: =vlookup(B11,'Crew Data'!C:G,5,0) -> Prangnaree Sahawatcharin | D11: 5-6 June 2023 | E11: 2 | F11: =E11*400 -> 800 | G11: =COUNTIF(B:B,B11) -> 1 | H11: CHECKED (OK)
A12: 9 | B12: 1002202 | C12: =vlookup(B12,'Crew Data'!C:G,5,0) -> Nithipkan Damrongpongkhajorn | D12: 1-2 June 2023 | E12: 2 | F12: =E12*400 -> 800 | G12: =COUNTIF(B:B,B12) -> 1 | H12: CHECKED (OK)
A13: 10 | B13: 1009818 | C13: =vlookup(B13,'Crew Data'!C:G,5,0) -> #N/A | D13: 2-3 June 2023 | E13: 2 | F13: =E13*400 -> 800 | G13: =COUNTIF(B:B,B13) -> 1 | H13: CHECKED (OK)
A14: 11 | B14: 1005306 | C14: =vlookup(B14,'Crew Data'!C:G,5,0) -> Sirirat Kaewduangkhae | D14: 4-5 June 2023 | E14: 2 | F14: =E14*400 -> 800 | G14: =COUNTIF(B:B,B14) -> 1 | H14: CHECKED (OK)
A15: 12 | B15: 1001273 | C15: =vlookup(B15,'Crew Data'!C:G,5,0) -> Chidchanok Seesorn | D15: 9-10 June 2023 | E15: 2 | F15: =E15*400 -> 800 | G15: =COUNTIF(B:B,B15) -> 1 | H15: CHECKED (OK)
... A100: 97 | B100: 1017657 | C100: =vlookup(B100,'Crew Data'!C:G,5,0) -> Yanakorn Charnfun | D100: 5-6 June 2023 | E100: 2 | F100: =E100*400 -> 800 | G100: =COUNTIF(B:B,B100) -> 1 | H100: CHECKED (OK)

Sheet AUGUST 23
A1: Perdiem Report in AUGUST 2023 | H1: Last updated : 04 SEPTEMBER 2023 Time: 12.00 (Status : CLOSE)
A2: Item | B2: New ID No. | C2: Employee name | D2: Period | E2: Description
E3: Days | F3: Total Perdiem (THB) | H3: Cross Checked by Supervisor | I3: REMARK
A4: 1 | B4: 1010731 | C4: =vlookup(B4,'Crew Data'!C:G,5,0) -> Samatikan Boonket | D4: 26-27 July 2023 | E4: 2 | F4: =E4*400 -> 800 | G4: =COUNTIF(B:B,B4) -> 1 | H4: CHECKED (OK)
A5: 2 | B5: 1012372 | C5: =vlookup(B5,'Crew Data'!C:G,5,0) -> Vinida Ma | D5: 1-2 August 2023 | E5: 2 | F5: =E5*400 -> 800 | G5: =COUNTIF(B:B,B5) -> 1 | H5: CHECKED (OK)
A6: 3 | B6: 1000736 | C6: =vlookup(B6,'Crew Data'!C:G,5,0) -> Ekkachai Moolla | D6: 1-2 August 2023 | E6: 2 | F6: =E6*400 -> 800 | G6: =COUNTIF(B:B,B6) -> 1 | H6: CHECKED (OK)
A7: 4 | B7: 1004583 | C7: =vlookup(B7,'Crew Data'!C:G,5,0) -> Suphanun Yotpunya | D7: 6-7 June 2023 | E7: 2 | F7: =E7*400 -> 800 | G7: =COUNTIF(B:B,B7) -> 1 | H7: CHECKED (OK)
A8: 5 | B8: 1005287 | C8: =vlookup(B8,'Crew Data'!C:G,5,0) -> Thanawan Seemakul | D8: 5-6 July 2023 | E8: 2 | F8: =E8*400 -> 800 | G8: =COUNTIF(B:B,B8) -> 1 | H8: CHECKED (OK)
A9: 6 | B9: 1002202 | C9: =vlookup(B9,'Crew Data'!C:G,5,0) -> Nithipkan Damrongpongkhajorn | D9: 2-3 August 2023 | E9: 2 | F9: =E9*400 -> 800 | G9: =COUNTIF(B:B,B9) -> 1 | H9: CHECKED (OK)
A10: 7 | B10: 1012984 | C10: =vlookup(B10,'Crew Data'!C:G,5,0) -> Issaree Opasvimud | D10: 3-4 August 2023 | E10: 2 | F10: =E10*400 -> 800 | G10: =COUNTIF(B:B,B10) -> 1 | H10: CHECKED (OK)
A11: 8 | B11: 1023582 | C11: =vlookup(B11,'Crew Data'!C:G,5,0) -> Rawiwan Chailerst | D11: 3-4 August 2023 | E11: 2 | F11: =E11*400 -> 800 | G11: =COUNTIF(B:B,B11) -> 1 | H11: CHECKED (OK)
A12: 9 | B12: 1007003 | C12: =vlookup(B12,'Crew Data'!C:G,5,0) -> Ravipa Tumsen | D12: 5-6 August 2023 | E12: 2 | F12: =E12*400 -> 800 | G12: =COUNTIF(B:B,B12) -> 1 | H12: CHECKED (OK)
A13: 10 | B13: 1006989 | C13: =vlookup(B13,'Crew Data'!C:G,5,0) -> Pimlawee Unn-A-Nant | D13: 5-6 August 2023 | E13: 2 | F13: =E13*400 -> 800 | G13: =COUNTIF(B:B,B13) -> 1 | H13: CHECKED (OK)
A14: 11 | B14: 1009011 | C14: =vlookup(B14,'Crew Data'!C:G,5,0) -> Weerayos Rungudomsinsakul | D14: 5-6 August 2023 | E14: 2 | F14: =E14*400 -> 800 | G14: =COUNTIF(B:B,B14) -> 1 | H14: CHECKED (OK)
A15: 12 | B15: 1019518 | C15: =vlookup(B15,'Crew Data'!C:G,5,0) -> Naratip Dumrongthai | D15: 8-9 August 2023 | E15: 2 | F15: =E15*400 -> 800 | G15: =COUNTIF(B:B,B15) -> 1 | H15: CHECKED (OK)
... A86: 83 | B86: 1001819 | C86: =vlookup(B86,'Crew Data'!C:G,5,0) -> #N/A | D86: 16-17 July 2023 | E86: 2 | F86: =E86*400 -> 800 | G86: =COUNTIF(B:B,B86) -> 1 | H86: CHECKED (OK)
A87: 84 | B87: 1004765 | C87: =vlookup(B87,'Crew Data'!C:G,5,0) -> Wasinee Leeopas | D87: 45169 | E87: 1 | F87: =E87*400 -> 400 | G87: =COUNTIF(B:B,B87) -> 1 | H87: CHECKED (OK)
A88: 85 | B88: 1017651 | C88: =vlookup(B88,'Crew Data'!C:G,5,0) -> Usana Saepua | D88: 30-31 August 2023 | E88: 2 | F88: =E88*400 -> 800 | G88: =COUNTIF(B:B,B88) -> 1 | H88: CHECKED (OK)
A89: 86 | B89: 1025302 | C89: =vlookup(B89,'Crew Data'!C:G,5,0) -> Krisana Sae-yang | D89: 30-31 August 2023 | E89: 2 | F89: =E89*400 -> 800 | G89: =COUNTIF(B:B,B89) -> 1 | H89: CHECKED (OK)
A90: 87 | B90: 1004030 | C90: =vlookup(B90,'Crew Data'!C:G,5,0) -> Kulpornpat Srikulchaipat | D90: 26-27 August 2023 | E90: 2 | F90: =E90*400 -> 800 | G90: =COUNTIF(B:B,B90) -> 1 | H90: CHECKED (OK)
A91: 88 | B91: 1013181 | C91: =vlookup(B91,'Crew Data'!C:G,5,0) -> Pattorn Kitthathamrong | D91: 21-22 May 2023 | E91: 2 | F91: =E91*400 -> 800 | G91: =COUNTIF(B:B,B91) -> 1 | H91: CHECKED (OK)

Sheet SEPTEMBER 23
A1: Perdiem Report in SEPTEMBER 2023 | H1: Last updated : 03 OCTOBER 2023 Time: 12.00 (Status : CLOSE)
A2: Item | B2: New ID No. | C2: Employee name | D2: Period | E2: Description
E3: Days | F3: Total Perdiem (THB) | H3: Cross Checked by Supervisor | I3: REMARK
A4: 1 | B4: 1004729 | C4: =vlookup(B4,'Crew Data'!C:G,5,0) -> Sasimon Chamnansarn | D4: 26-27 August 2023 | E4: 2 | F4: =E4*400 -> 800 | G4: =COUNTIF(B:B,B4) -> 1 | H4: CHECKED (OK)
A5: 2 | B5: 1003385 | C5: =vlookup(B5,'Crew Data'!C:G,5,0) -> Jaruma Jantarapap | D5: 3-4, 11-12, 17-18, 22-23, 25-26 August / 1-2, 6-7, 18-19 September 2023 | E5: 16 | F5: =E5*400 -> 6400 | G5: =COUNTIF(B:B,B5) -> 1 | H5: CHECKED (OK)
A6: 3 | B6: 1005297 | C6: =vlookup(B6,'Crew Data'!C:G,5,0) -> Kunapond Wutayatornsakul | D6: 2-3 September 2023 | E6: 2 | F6: =E6*400 -> 800 | G6: =COUNTIF(B:B,B6) -> 1 | H6: CHECKED (OK)
A7: 4 | B7: 1007011 | C7: =vlookup(B7,'Crew Data'!C:G,5,0) -> Jeeraprapa Tuptimdang | D7: 6-7 September 2023 | E7: 2 | F7: =E7*400 -> 800 | G7: =COUNTIF(B:B,B7) -> 1 | H7: CHECKED (OK)
A8: 5 | B8: 1014329 | C8: =vlookup(B8,'Crew Data'!C:G,5,0) -> Kanicha Sae-toen | D8: 5-6 September 2023 | E8: 2 | F8: =E8*400 -> 800 | G8: =COUNTIF(B:B,B8) -> 1 | H8: CHECKED (OK)
A9: 6 | B9: 1007276 | C9: =vlookup(B9,'Crew Data'!C:G,5,0) -> Teerayut Worawejwisarn | D9: 7-8 September 2023 | E9: 2 | F9: =E9*400 -> 800 | G9: =COUNTIF(B:B,B9) -> 1 | H9: CHECKED (OK)
A10: 7 | B10: 1012907 | C10: =vlookup(B10,'Crew Data'!C:G,5,0) -> Thiranuch Chantavarin | D10: 31 August / 01 September 2023 | E10: 2 | F10: =E10*400 -> 800 | G10: =COUNTIF(B:B,B10) -> 1 | H10: CHECKED (OK)
A11: 8 | B11: 1004765 | C11: =vlookup(B11,'Crew Data'!C:G,5,0) -> Wasinee Leeopas | D11: 31 August / 01 September 2023 | E11: 2 | F11: =E11*400 -> 800 | G11: =COUNTIF(B:B,B11) -> 1 | H11: CHECKED (OK)
A12: 9 | B12: 1006844 | C12: =vlookup(B12,'Crew Data'!C:G,5,0) -> Rada Nilyam | D12: 11-12 September 2023 | E12: 2 | F12: =E12*400 -> 800 | G12: =COUNTIF(B:B,B12) -> 1 | H12: CHECKED (OK)
A13: 10 | B13: 1003137 | C13: =vlookup(B13,'Crew Data'!C:G,5,0) -> Patcharamai Udomphol | D13: 4-5 September 2023 | E13: 2 | F13: =E13*400 -> 800 | G13: =COUNTIF(B:B,B13) -> 1 | H13: CHECKED (OK)
A14: 11 | B14: 1005906 | C14: =vlookup(B14,'Crew Data'!C:G,5,0) -> Supatra Pokkhabut | D14: 12-13 September 2023 | E14: 2 | F14: =E14*400 -> 800 | G14: =COUNTIF(B:B,B14) -> 1 | H14: CHECKED (OK)
A15: 12 | B15: 1009799 | C15: =vlookup(B15,'Crew Data'!C:G,5,0) -> Kittirat Aujsri | D15: 14-15 September 2023 | E15: 2 | F15: =E15*400 -> 800 | G15: =COUNTIF(B:B,B15) -> 1 | H15: CHECKED (OK)
... A88: 85 | B88: 1002984 | C88: =vlookup(B88,'Crew Data'!C:G,5,0) -> Praepailin Luckanatin | D88: 30-31 August 2023 | E88: 2 | F88: =E88*400 -> 800 | G88: =COUNTIF(B:B,B88) -> 1 | H88: CHECKED (OK)

Sheet OCTOBER 23
A1: Perdiem Report in OCTOBER 2023 | H1: Last updated : 01 NOVEMBER 2023 Time: 12.00 (Status : CLOSE)
A2: Item | B2: New ID No. | C2: Employee name | D2: Period | E2: Description
E3: Days | F3: Total Perdiem (THB) | H3: Cross Checked by Supervisor | I3: REMARK
A4: 1 | B4: 1007009 | C4: =vlookup(B4,'Crew Data'!C:G,5,0) -> Busayarat Pongratanakul | D4: 30 September / 1, 12-13 October 2023 | E4: 4 | F4: =E4*400 -> 1600 | G4: =COUNTIF(B:B,B4) -> 1 | H4: CHECKED (OK)
A5: 2 | B5: 1007029 | C5: =vlookup(B5,'Crew Data'!C:G,5,0) -> Pitchaya Dalai | D5: 16-17 September 2023 | E5: 2 | F5: =E5*400 -> 800 | G5: =COUNTIF(B:B,B5) -> 1 | H5: CHECKED (OK)
A6: 3 | B6: 1005303 | C6: =vlookup(B6,'Crew Data'!C:G,5,0) -> Piyathida Jaikla | D6: 27-28 September 2023 | E6: 2 | F6: =E6*400 -> 800 | G6: =COUNTIF(B:B,B6) -> 1 | H6: CHECKED (OK)
A7: 4 | B7: 1005828 | C7: =vlookup(B7,'Crew Data'!C:G,5,0) -> Piyawan Panitanthum | D7: 30 September / 1 October 2023 | E7: 2 | F7: =E7*400 -> 800 | G7: =COUNTIF(B:B,B7) -> 1 | H7: CHECKED (OK)
A8: 5 | B8: 1014665 | C8: =vlookup(B8,'Crew Data'!C:G,5,0) -> Jaruwan Charoenratanapirom | D8: 3-4 October 2023 | E8: 2 | F8: =E8*400 -> 800 | G8: =COUNTIF(B:B,B8) -> 1 | H8: CHECKED (OK)
A9: 6 | B9: 1011848 | C9: =vlookup(B9,'Crew Data'!C:G,5,0) -> Wiput Janvanichstaporn | D9: 3-4 October 2023 | E9: 2 | F9: =E9*400 -> 800 | G9: =COUNTIF(B:B,B9) -> 1 | H9: CHECKED (OK)
A10: 7 | B10: 1011504 | C10: =vlookup(B10,'Crew Data'!C:G,5,0) -> Punyanuch Skulnukulkit | D10: 1-2 October 2023 | E10: 2 | F10: =E10*400 -> 800 | G10: =COUNTIF(B:B,B10) -> 1 | H10: CHECKED (OK)
A11: 8 | B11: 1023594 | C11: =vlookup(B11,'Crew Data'!C:G,5,0) -> Teerada Sripochsomboon | D11: 5-6 October 2023 | E11: 2 | F11: =E11*400 -> 800 | G11: =COUNTIF(B:B,B11) -> 1 | H11: CHECKED (OK)
A12: 9 | B12: 1023582 | C12: =vlookup(B12,'Crew Data'!C:G,5,0) -> Rawiwan Chailerst | D12: 5-6 October 2023 | E12: 2 | F12: =E12*400 -> 800 | G12: =COUNTIF(B:B,B12) -> 1 | H12: CHECKED (OK)
A13: 10 | B13: 1023581 | C13: =vlookup(B13,'Crew Data'!C:G,5,0) -> Pavitra Chaosrithong | D13: 10-11 September / 5-6 October 2023 | E13: 4 | F13: =E13*400 -> 1600 | G13: =COUNTIF(B:B,B13) -> 1 | H13: CHECKED (OK)
A14: 11 | B14: 1008956 | C14: =vlookup(B14,'Crew Data'!C:G,5,0) -> Duangkamon Thongfuang | D14: 2-3 October 2023 | E14: 2 | F14: =E14*400 -> 800 | G14: =COUNTIF(B:B,B14) -> 1 | H14: CHECKED (OK)
A15: 12 | B15: 1019407 | C15: =vlookup(B15,'Crew Data'!C:G,5,0) -> Saowapak Siri-athikhom | D15: 7-8 October 2023 | E15: 2 | F15: =E15*400 -> 800 | G15: =COUNTIF(B:B,B15) -> 1 | H15: CHECKED (OK)
... A72: 69 | B72: 1002984 | C72: =vlookup(B72,'Crew Data'!C:G,5,0) -> Praepailin Luckanatin | D72: 10-11, 22-23 October 2023 | E72: 4 | F72: =E72*400 -> 1600 | G72: =COUNTIF(B:B,B72) -> 1 | H72: CHECKED (OK)

Sheet NOVEMBER 23
A1: Perdiem Report in NOVEMBER 2023 | H1: Last updated : 2 DECEMBER 2023 Time: 12.00 (Status : CLOSE)
A2: Item | B2: New ID No. | C2: Employee name | D2: Period | E2: Description
E3: Days | F3: Total Perdiem (THB) | H3: Cross Checked by Supervisor | I3: REMARK
A4: 1 | B4: 1005964 | C4: =vlookup(B4,'Crew Data'!C:G,5,0) -> Sawitri Siribunrueangwong | D4: 10-11 October 2023 | E4: 2 | F4: =E4*400 -> 800 | G4: =COUNTIF(B:B,B4) -> 1 | H4: CHECKED (OK)
A5: 2 | B5: 1025323 | C5: =vlookup(B5,'Crew Data'!C:G,5,0) -> Jariya Tangmahamek | D5: 8-9 September 2023 | E5: 2 | F5: =E5*400 -> 800 | G5: =COUNTIF(B:B,B5) -> 1 | H5: CHECKED (OK)
A6: 3 | B6: 1006835 | C6: =vlookup(B6,'Crew Data'!C:G,5,0) -> Ketsaraporn Borvornmongkolsak | D6: 9-10, 17-18 October 2023 | E6: 4 | F6: =E6*400 -> 1600 | G6: =COUNTIF(B:B,B6) -> 1 | H6: CHECKED (OK)
A7: 4 | B7: 1014064 | C7: =vlookup(B7,'Crew Data'!C:G,5,0) -> Jaraspak Plengkhum | D7: 25-26 October 2023 | E7: 2 | F7: =E7*400 -> 800 | G7: =COUNTIF(B:B,B7) -> 1 | H7: CHECKED (OK)
A8: 5 | B8: 1014678 | C8: =vlookup(B8,'Crew Data'!C:G,5,0) -> Supapong Kwanon | D8: 14-15 October 2023 | E8: 2 | F8: =E8*400 -> 800 | G8: =COUNTIF(B:B,B8) -> 1 | H8: CHECKED (OK)
A9: 6 | B9: 1019555 | C9: =vlookup(B9,'Crew Data'!C:G,5,0) -> #N/A | D9: 4-5 October 2023 | E9: 2 | F9: =E9*400 -> 800 | G9: =COUNTIF(B:B,B9) -> 1 | H9: CHECKED (OK)
A10: 7 | B10: 1005759 | C10: =vlookup(B10,'Crew Data'!C:G,5,0) -> Nirinya Arunthanakulphat | D10: 2-3 October 2023 | E10: 2 | F10: =E10*400 -> 800 | G10: =COUNTIF(B:B,B10) -> 1 | H10: CHECKED (OK)

Sheet DECEMBER 2023
A1: Perdiem Report in DECEMBER 2023 | H1: Last updated : 03 January 2024 Time: 12.00 (Status : CLOSE)
A2: Item | B2: New ID No. | C2: Employee name | D2: Period | E2: Description
E3: Days | F3: Total Perdiem (THB) | H3: Cross Checked by Supervisor | I3: REMARK
C4: =vlookup(B4,'Crew Data'!C:G,5,0) -> #N/A | F4: =E4*400 -> 0 | G4: =COUNTIF(B:B,B4) -> 0
A7: ไม่มีการทำจ่ายเงินค่า Posting

Sheet MAY 2024
A1: Perdiem Report in MAY 2024 | H1: Last updated : 04 JUN 2024 Time: 12.00 (Status : CLOSE)
A2: Item | B2: New ID No. | C2: Employee name | D2: Period | E2: Description
E3: Days | F3: Total Perdiem (THB) | H3: Cross Checked by Supervisor | I3: REMARK
C4: =vlookup(B4,'Crew Data'!C:G,5,0) -> #N/A | F4: =E4*400 -> 0 | G4: =COUNTIF(B:B,B4) -> 0
A7: ไม่มีการทำจ่ายเงินค่า Posting

Sheet JUNE 2024
A1: Perdiem Report in JUNE 2024 | H1: Last updated : 01 JUL 2024 Time: 12.00 (Status : CLOSE)
A2: Item | B2: New ID No. | C2: Employee name | D2: Period | E2: Description
E3: Days | F3: Total Perdiem (THB) | H3: Cross Checked by Supervisor | I3: REMARK
C4: =vlookup(B4,'Crew Data'!C:G,5,0) -> #N/A | F4: =E4*400 -> 0 | G4: =COUNTIF(B:B,B4) -> 0
A7: ไม่มีการทำจ่ายเงินค่า Posting

Sheet JULY 2024
A1: Perdiem Report in JULY 2024 | H1: Last updated : 01 AUG 2024 Time: 12.00 (Status : CLOSE)
A2: Item | B2: New ID No. | C2: Employee name | D2: Period | E2: Description
E3: Days | F3: Total Perdiem (THB) | H3: Cross Checked by Supervisor | I3: REMARK
C4: =vlookup(B4,'Crew Data'!C:G,5,0) -> #N/A | F4: =E4*400 -> 0 | G4: =COUNTIF(B:B,B4) -> 0
A7: ไม่มีการทำจ่ายเงินค่า Posting

Sheet AUGUST 2024
A1: Perdiem Report in AUGUST 2024 | H1: Last updated : 01 SEP 2024 Time: 12.00 (Status : CLOSE)
A2: Item | B2: New ID No. | C2: Employee name | D2: Period | E2: Description
E3: Days | F3: Total Perdiem (THB) | H3: Cross Checked by Supervisor | I3: REMARK
C4: =vlookup(B4,'Crew Data'!C:G,5,0) -> #N/A | F4: =E4*400 -> 0 | G4: =COUNTIF(B:B,B4) -> 0
A7: ไม่มีการทำจ่ายเงินค่า Posting

Sheet SEPTEMBER 2024
A1: Perdiem Report in SEPTEMBER 2024 | H1: Last updated : 02 OCT 2024 Time: 12.00 (Status : CLOSE)
A2: Item | B2: New ID No. | C2: Employee name | D2: Period | E2: Description
E3: Days | F3: Total Perdiem (THB) | H3: Cross Checked by Supervisor | I3: REMARK
C4: =vlookup(B4,'Crew Data'!C:G,5,0) -> #N/A | F4: =E4*400 -> 0 | G4: =COUNTIF(B:B,B4) -> 0
A7: ไม่มีการทำจ่ายเงินค่า Posting

Sheet October 2024
A1: Perdiem Report in OCTOBER 2024 | H1: Last updated : 01 NOV 2024 Time: 12.00 (Status : CLOSE)
A2: Item | B2: New ID No. | C2: Employee name | D2: Period | E2: Description
E3: Days | F3: Total Perdiem (THB) | H3: Cross Checked by Supervisor | I3: REMARK
A4: 1 | B4: 1004016 | C4: =vlookup(B4,'Crew Data'!C:G,5,0) -> Khamkhun Thapnoo | D4: 45596 | E4: 1 | F4: =E4*400 -> 400 | G4: =COUNTIF(B:B,B4) -> 1
A5: 2 | B5: 1004683 | C5: =vlookup(B5,'Crew Data'!C:G,5,0) -> Prok Lartham | D5: 28 OCTOBER 2024 - 31 OCTOBER 2024 | E5: 4 | F5: =E5*400 -> 1600 | G5: =COUNTIF(B:B,B5) -> 1
A6: 3 | B6: 1013178 | C6: =vlookup(B6,'Crew Data'!C:G,5,0) -> Niharoon Sulaiman | D6: 28 OCTOBER 2024 - 31 OCTOBER 2024 | E6: 4 | F6: =E6*400 -> 1600 | G6: =COUNTIF(B:B,B6) -> 1
A7: 4 | B7: 1007007 | C7: =vlookup(B7,'Crew Data'!C:G,5,0) -> Aram Nukulpakdee | D7: 45596 | E7: 1 | F7: =E7*400 -> 400 | G7: =COUNTIF(B:B,B7) -> 1
A8: 5 | B8: 1011513 | C8: =vlookup(B8,'Crew Data'!C:G,5,0) -> Rawitnat Marayat | D8: 29 OCTOBER 2024 - 30 OCTOBER 2024 | E8: 2 | F8: =E8*400 -> 800 | G8: =COUNTIF(B:B,B8) -> 1
A9: 6 | B9: 1003365 | C9: =vlookup(B9,'Crew Data'!C:G,5,0) -> Napatchol Wongwuttito | D9: 28 OCTOBER 2024 - 31 OCTOBER 2024 | E9: 4 | F9: =E9*400 -> 1600 | G9: =COUNTIF(B:B,B9) -> 1
A10: 7 | B10: 1010731 | C10: =vlookup(B10,'Crew Data'!C:G,5,0) -> Samatikan Boonket | D10: 45596 | E10: 1 | F10: =E10*400 -> 400 | G10: =COUNTIF(B:B,B10) -> 1
A11: 8 | B11: 1007032 | C11: =vlookup(B11,'Crew Data'!C:G,5,0) -> Praew Kijsuwan | D11: 45597 | E11: 1 | F11: =E11*400 -> 400 | G11: =COUNTIF(B:B,B11) -> 1
A12: 9 | B12: 1022215 | C12: =vlookup(B12,'Crew Data'!C:G,5,0) -> Porntida Yuttimi | D12: 45598 | E12: 1 | F12: =E12*400 -> 400 | G12: =COUNTIF(B:B,B12) -> 1

Sheet NOVEMBER 2024
A1: Perdiem Report in NOVEMBER 2024 | H1: Last updated : 02 NOV 2024 Time: 12.00 (Status : OPEN)
A2: Item | B2: New ID No. | C2: Employee name | D2: Period | E2: Description
E3: Days | F3: Total Perdiem (THB) | H3: Cross Checked by Supervisor | I3: REMARK
A4: 1 | B4: 1015093 | C4: =vlookup(B4,'Crew Data'!C:G,5,0) -> Sampan Simpalipan | D4: 29 October 2024 - 31 October 2024 1 November 2024 - 30 November 2024 | E4: 33 | F4: =E4*400 -> 13200 | G4: =COUNTIF(B:B,B4) -> 1 | H4: CHECKED (OK)
A5: 2 | B5: 1004197 | C5: =vlookup(B5,'Crew Data'!C:G,5,0) -> Kultharin Kijbamrunglab | D5: 2 November 2024 - 3 November 2024 | E5: 2 | F5: =E5*400 -> 800 | G5: =COUNTIF(B:B,B5) -> 1 | H5: CHECKED (OK)
A6: 3 | B6: 1040522 | C6: =vlookup(B6,'Crew Data'!C:G,5,0) -> Titapa Tiyasoponjit | D6: 5 November 2024 - 6 November 2024 | E6: 2 | F6: =E6*400 -> 800 | G6: =COUNTIF(B:B,B6) -> 1 | H6: CHECKED (OK)
A7: 4 | B7: 1017975 | C7: =vlookup(B7,'Crew Data'!C:G,5,0) -> Nilin Ngampuak | D7: 5 November 2024 - 6 November 2024 | E7: 2 | F7: =E7*400 -> 800 | G7: =COUNTIF(B:B,B7) -> 1 | H7: CHECKED (OK)
A8: 5 | B8: 1014554 | C8: =vlookup(B8,'Crew Data'!C:G,5,0) -> Katthareeya Trachoowanich | D8: 2 November 2024 - 3 November 2024 | E8: 2 | F8: =E8*400 -> 800 | G8: =COUNTIF(B:B,B8) -> 1 | H8: CHECKED (OK)
A9: 6 | B9: 1007014 | C9: =vlookup(B9,'Crew Data'!C:G,5,0) -> Piyanut Nainet | D9: 9 November 2024 - 10 November 2024 | E9: 2 | F9: =E9*400 -> 800 | G9: =COUNTIF(B:B,B9) -> 1 | H9: CHECKED (OK)
A10: 7 | B10: 1022215 | C10: =vlookup(B10,'Crew Data'!C:G,5,0) -> Porntida Yuttimi | D10: 1 November 2024 | E10: 1 | F10: =E10*400 -> 400 | G10: =COUNTIF(B:B,B10) -> 1 | H10: CHECKED (OK)
A11: 8 | B11: 1004531 | C11: =vlookup(B11,'Crew Data'!C:G,5,0) -> Nattakan Kanokpantarakorn | D11: 9 November 2024 - 10 November 2024 | E11: 2 | F11: =E11*400 -> 800 | G11: =COUNTIF(B:B,B11) -> 1 | H11: CHECKED (OK)
A12: 9 | B12: 1015096 | C12: =vlookup(B12,'Crew Data'!C:G,5,0) -> Thiranart Ponglongkhum | D12: 5 November 2024 - 6 November 2024 | E12: 2 | F12: =E12*400 -> 800 | G12: =COUNTIF(B:B,B12) -> 1 | H12: CHECKED (OK)
A13: 10 | B13: 1003392 | C13: =vlookup(B13,'Crew Data'!C:G,5,0) -> Punnaphas Tawornpanmanee | D13: 16 November 2024 - 17 November 2024 | E13: 2 | F13: =E13*400 -> 800 | G13: =COUNTIF(B:B,B13) -> 1 | H13: CHECKED (OK)
A14: 11 | B14: 1013576 | C14: =vlookup(B14,'Crew Data'!C:G,5,0) -> Pawarisar Samanthong | D14: 21 November 2024 - 22 November 2024 | E14: 2 | F14: =E14*400 -> 800 | G14: =COUNTIF(B:B,B14) -> 1 | H14: CHECKED (OK)
A15: 12 | B15: 1007157 | C15: =vlookup(B15,'Crew Data'!C:G,5,0) -> Pichanun Seneetantikul | D15: 19 November 2024 - 20 November 2024 | E15: 2 | F15: =E15*400 -> 800 | G15: =COUNTIF(B:B,B15) -> 1 | H15: CHECKED (OK)
... A35: 33 | B35: 1004213 | C35: =vlookup(B35,'Crew Data'!C:G,5,0) -> Worapada Suetrongmunkong | D35: 2 November 2024 - 3 November 2024 | E35: 2 | F35: =E35*400 -> 800 | G35: =COUNTIF(B:B,B35) -> 1 | H35: CHECKED (OK)

Sheet DECEMBER 2024
A1: Perdiem Report in DECEMBER 2024 | H1: Last updated : 02 JAN 2024 Time: 12.00 (Status : CLOSE)
A2: Item | B2: New ID No. | C2: Employee name | D2: Period | E2: Description
E3: Days | F3: Total Perdiem (THB) | H3: Cross Checked by Supervisor | I3: REMARK
A4: 1 | B4: 1019193 | C4: =vlookup(B4,'Crew Data'!C:G,5,0) -> Nattaporn Pattarasiriwong | D4: 26 November 2024 - 27 November 2024 / 10 December 2024 - 11 December 2024 | E4: 4 | F4: =E4*400 -> 1600 | G4: =COUNTIF(B:B,B4) -> 1 | H4: CHECKED (OK)
A5: 2 | B5: 1001822 | C5: =vlookup(B5,'Crew Data'!C:G,5,0) -> Wilasinee Natenopparat | D5: 12 November 2024 - 13 November 2024 | E5: 2 | F5: =E5*400 -> 800 | G5: =COUNTIF(B:B,B5) -> 1 | H5: CHECKED (OK)
A6: 3 | B6: 1040338 | C6: =vlookup(B6,'Crew Data'!C:G,5,0) -> Piyakorn Sripraphan | D6: 21 November 2024 - 22 November 2024 | E6: 2 | F6: =E6*400 -> 800 | G6: =COUNTIF(B:B,B6) -> 1 | H6: CHECKED (OK)
A7: 4 | B7: 1004298 | C7: =vlookup(B7,'Crew Data'!C:G,5,0) -> Teerapat Kasemphongsakorn | D7: 3 November 2024 - 4 November 2024 | E7: 2 | F7: =E7*400 -> 800 | G7: =COUNTIF(B:B,B7) -> 1 | H7: CHECKED (OK)
A8: 5 | B8: 1015412 | C8: =vlookup(B8,'Crew Data'!C:G,5,0) -> Sitthiphath Ratanaborvornsethi | D8: 3 December 2024 - 4 December 2024 | E8: 2 | F8: =E8*400 -> 800 | G8: =COUNTIF(B:B,B8) -> 1 | H8: CHECKED (OK)
A9: 6 | B9: 1025144 | C9: =vlookup(B9,'Crew Data'!C:G,5,0) -> Maythawee Krabuansri | D9: 10 December 2024 - 11 December 2024 | E9: 2 | F9: =E9*400 -> 800 | G9: =COUNTIF(B:B,B9) -> 1 | H9: CHECKED (OK)
A10: 7 | B10: 1004541 | C10: =vlookup(B10,'Crew Data'!C:G,5,0) -> Varaporn Rattanamahasalchai | D10: 21 December 2024 - 22 December 2024 | E10: 2 | F10: =E10*400 -> 800 | G10: =COUNTIF(B:B,B10) -> 1 | H10: CHECKED (OK)
A11: 8 | B11: 1004047 | C11: =vlookup(B11,'Crew Data'!C:G,5,0) -> Sunisa Panhirun | D11: 21 December 2024 - 22 December 2024 | E11: 2 | F11: =E11*400 -> 800 | G11: =COUNTIF(B:B,B11) -> 1 | H11: CHECKED (OK)
A12: 9 | B12: 1016385 | C12: =vlookup(B12,'Crew Data'!C:G,5,0) -> Raweewan Sritong | D12: 7 December 2024 - 8 December 2024 | E12: 2 | F12: =E12*400 -> 800 | G12: =COUNTIF(B:B,B12) -> 1 | H12: CHECKED (OK)
A13: 10 | B13: 1011844 | C13: =vlookup(B13,'Crew Data'!C:G,5,0) -> Thanyaporn Vaivattana | D13: 24 December 2024 - 25 December 2024 | E13: 2 | F13: =E13*400 -> 800 | G13: =COUNTIF(B:B,B13) -> 1 | H13: CHECKED (OK)
A14: 11 | B14: 1013033 | C14: =vlookup(B14,'Crew Data'!C:G,5,0) -> Sirirat Thampipat | D14: 17 December 2024 - 18 December 2024 | E14: 2 | F14: =E14*400 -> 800 | G14: =COUNTIF(B:B,B14) -> 1 | H14: CHECKED (OK)
A15: 12 | B15: 1011513 | C15: =vlookup(B15,'Crew Data'!C:G,5,0) -> Rawitnat Marayat | D15: 45627 | E15: 1 | F15: =E15*400 -> 400 | G15: =COUNTIF(B:B,B15) -> 1 | H15: CHECKED (OK)
A16: 13 | B16: 1015096 | C16: =vlookup(B16,'Crew Data'!C:G,5,0) -> Thiranart Ponglongkhum | D16: 5 December 2024 - 6 December 2024 | E16: 2 | F16: =E16*400 -> 800 | G16: =COUNTIF(B:B,B16) -> 1 | H16: CHECKED (OK)
A17: 14 | B17: 1014554 | C17: =vlookup(B17,'Crew Data'!C:G,5,0) -> Katthareeya Trachoowanich | D17: 12 December 2024 - 13 December 2024 | E17: 2 | F17: =E17*400 -> 800 | G17: =COUNTIF(B:B,B17) -> 1 | H17: CHECKED (OK)
A18: 15 | B18: 1007032 | C18: =vlookup(B18,'Crew Data'!C:G,5,0) -> Praew Kijsuwan | D18: 10 December 2024 - 11 December 2024 | E18: 2 | F18: =E18*400 -> 800 | G18: =COUNTIF(B:B,B18) -> 1 | H18: CHECKED (OK)
A19: 16 | B19: 1007026 | C19: =vlookup(B19,'Crew Data'!C:G,5,0) -> Kwanrapee Satayayookt | D19: 10 December 2024 - 11 December 2024 | E19: 2 | F19: =E19*400 -> 800 | G19: =COUNTIF(B:B,B19) -> 1 | H19: CHECKED (OK)
A20: 17 | B20: 1004127 | C20: =vlookup(B20,'Crew Data'!C:G,5,0) -> Thawinun Arunnuntapanich | D20: 45657 | E20: 1 | F20: =E20*400 -> 400 | G20: =COUNTIF(B:B,B20) -> 1 | H20: CHECKED (OK)
A21: 18 | B21: 1019551 | C21: =vlookup(B21,'Crew Data'!C:G,5,0) -> Thanyatorn Panyanonwat | D21: 45657 | E21: 1 | F21: =E21*400 -> 400 | G21: =COUNTIF(B:B,B21) -> 1 | H21: CHECKED (OK)
A22: 19 | B22: 1014262 | C22: =vlookup(B22,'Crew Data'!C:G,5,0) -> Wongsakorn Chumniwatesa | D22: 45657 | E22: 1 | F22: =E22*400 -> 400 | G22: =COUNTIF(B:B,B22) -> 1 | H22: CHECKED (OK)
A23: 20 | B23: 1010916 | C23: =vlookup(B23,'Crew Data'!C:G,5,0) -> Sivakorn Sangsukiam | D23: 12 December 2024 - 13 December 2024 | E23: 2 | F23: =E23*400 -> 800 | G23: =COUNTIF(B:B,B23) -> 1 | H23: CHECKED (OK)
A24: 21 | B24: 1005301 | C24: =vlookup(B24,'Crew Data'!C:G,5,0) -> Pimpaporn Sittitanggoon | D24: 26 November 2024 - 27 November 2024 | E24: 2 | F24: =E24*400 -> 800 | G24: =COUNTIF(B:B,B24) -> 1 | H24: CHECKED (OK)
A25: 22 | B25: 1001082 | C25: =vlookup(B25,'Crew Data'!C:G,5,0) -> Pobsaran Chantaratim | D25: 17 December 2024 - 18 December 2024 | E25: 2 | F25: =E25*400 -> 800 | G25: =COUNTIF(B:B,B25) -> 1 | H25: CHECKED (OK)
A26: 23 | B26: 1003392 | C26: =vlookup(B26,'Crew Data'!C:G,5,0) -> Punnaphas Tawornpanmanee | D26: 21 December 2024 - 22 December 2024 | E26: 2 | F26: =E26*400 -> 800 | G26: =COUNTIF(B:B,B26) -> 1 | H26: CHECKED (OK)
A27: 24 | B27: 1012554 | C27: =vlookup(B27,'Crew Data'!C:G,5,0) -> Bhuriwat Udomphol | D27: 14 December 2024 - 15 December 2024 21 December 2024 - 22 December 2024 | E27: 4 | F27: =E27*400 -> 1600 | G27: =COUNTIF(B:B,B27) -> 1 | H27: CHECKED (OK)
A28: 25 | B28: 1004016 | C28: =vlookup(B28,'Crew Data'!C:G,5,0) -> Khamkhun Thapnoo | D28: 1 December 2024 - 15 December 2024 17 December 2024 - 29 December 2024 31 December 2024 | E28: 29 | F28: =E28*400 -> 11600 | G28: =COUNTIF(B:B,B28) -> 1 | H28: CHECKED (OK)
A29: 26 | B29: 1005972 | C29: =vlookup(B29,'Crew Data'!C:G,5,0) -> Wuttipon Onpuns | D29: 1 December 2024 - 31 December 2024 | E29: 31 | F29: =E29*400 -> 12400 | G29: =COUNTIF(B:B,B29) -> 1 | H29: CHECKED (OK)
A30: 27 | B30: 1025306 | C30: =vlookup(B30,'Crew Data'!C:G,5,0) -> Soravis Kissanaviparkporn | D30: 6 December 2024 - 31 December 2024 | E30: 26 | F30: =E30*400 -> 10400 | G30: =COUNTIF(B:B,B30) -> 1 | H30: CHECKED (OK)
A31: 28 | B31: 1005762 | C31: =vlookup(B31,'Crew Data'!C:G,5,0) -> Photchara Srisuk | D31: 1 December 2024 - 31 December 2024 | E31: 31 | F31: =E31*400 -> 12400 | G31: =COUNTIF(B:B,B31) -> 1 | H31: CHECKED (OK)
A32: 29 | B32: 1009768 | C32: =vlookup(B32,'Crew Data'!C:G,5,0) -> Thidech Eakmongkollert | D32: 1 December 2024 - 8 December 2024 10 December 2024 - 31 December 2024 | E32: 30 | F32: =E32*400 -> 12000 | G32: =COUNTIF(B:B,B32) -> 1 | H32: CHECKED (OK)
A33: 30 | B33: 1009757 | C33: =vlookup(B33,'Crew Data'!C:G,5,0) -> Pattrawan Wongchirawat | D33: 1 December 2024 5 December 2024 - 31 December 2024 | E33: 28 | F33: =E33*400 -> 11200 | G33: =COUNTIF(B:B,B33) -> 1 | H33: CHECKED (OK)
A34: 31 | B34: 1011510 | C34: =vlookup(B34,'Crew Data'!C:G,5,0) -> Nitinai Chalongtrakul | D34: 28 December 2024 - 29 December 2024 | E34: 2 | F34: =E34*400 -> 800 | G34: =COUNTIF(B:B,B34) -> 1 | H34: CHECKED (OK)
... A36: 33 | B36: 1009434 | C36: =vlookup(B36,'Crew Data'!C:G,5,0) -> Wanpiya Kaewyok | D36: 12 December 2024 - 13 December 2024 | E36: 2 | F36: =E36*400 -> 800 | G36: =COUNTIF(B:B,B36) -> 1 | H36: CHECKED (OK)

Sheet JANUARY 2025
A1: Perdiem Report in JANUARY 2025 | H1: Last updated : 03 FEB 2025 Time: 12.00 (Status : OPEN)
A2: Item | B2: New ID No. | C2: Employee name | D2: Period | E2: Description
E3: Days | F3: Total Perdiem (THB) | H3: Cross Checked by Supervisor | I3: REMARK
A4: 1 | B4: 1022213 | C4: =vlookup(B4,'Crew Data'!C:G,5,0) -> Puripak Pensawat | D4: 2 January 2025 - 3 January 2025 | E4: 2 | F4: =E4*400 -> 800 | G4: =COUNTIF(B:B,B4) -> 1 | H4: CHECKED (OK)
A5: 2 | B5: 1011800 | C5: =vlookup(B5,'Crew Data'!C:G,5,0) -> Arisa Witthawaskul | D5: 4 January 2025 - 5 January 2025 | E5: 2 | F5: =E5*400 -> 800 | G5: =COUNTIF(B:B,B5) -> 1 | H5: CHECKED (OK)
A6: 3 | B6: 1012362 | C6: =vlookup(B6,'Crew Data'!C:G,5,0) -> Patcharagorn Chankhong | D6: 4 January 2025 - 5 January 2025 | E6: 2 | F6: =E6*400 -> 800 | G6: =COUNTIF(B:B,B6) -> 1 | H6: CHECKED (OK)
A7: 4 | B7: 1006995 | C7: =vlookup(B7,'Crew Data'!C:G,5,0) -> Kornrumpha Wongsing | D7: 2 January 2025 - 3 January 2025 | E7: 2 | F7: =E7*400 -> 800 | G7: =COUNTIF(B:B,B7) -> 1 | H7: CHECKED (OK)
A8: 5 | B8: 1006991 | C8: =vlookup(B8,'Crew Data'!C:G,5,0) -> Chattamanuch Thiamhong | D8: 45658 | E8: 1 | F8: =E8*400 -> 400 | G8: =COUNTIF(B:B,B8) -> 1 | H8: CHECKED (OK)
A9: 6 | B9: 1009757 | C9: =vlookup(B9,'Crew Data'!C:G,5,0) -> Pattrawan Wongchirawat | D9: 45658 | E9: 1 | F9: =E9*400 -> 400 | G9: =COUNTIF(B:B,B9) -> 1 | H9: CHECKED (OK)
A10: 7 | B10: 1025186 | C10: =vlookup(B10,'Crew Data'!C:G,5,0) -> Pawaran Modsuwan | D10: 7 January 2025 - 8 January 2025 | E10: 2 | F10: =E10*400 -> 800 | G10: =COUNTIF(B:B,B10) -> 1 | H10: CHECKED (OK)
A11: 8 | B11: 1006870 | C11: =vlookup(B11,'Crew Data'!C:G,5,0) -> Duangporn Denkesineelam | D11: 9 January 2025 - 10 January 2025 | E11: 2 | F11: =E11*400 -> 800 | G11: =COUNTIF(B:B,B11) -> 1 | H11: CHECKED (OK)
A12: 9 | B12: 1004531 | C12: =vlookup(B12,'Crew Data'!C:G,5,0) -> Nattakan Kanokpantarakorn | D12: 11 January 2025 - 12 January 2025 | E12: 2 | F12: =E12*400 -> 800 | G12: =COUNTIF(B:B,B12) -> 1 | H12: CHECKED (OK)
A13: 10 | B13: 1040505 | C13: =vlookup(B13,'Crew Data'!C:G,5,0) -> Atchamaporn Pimrin | D13: 11 January 2025 - 12 January 2025 | E13: 2 | F13: =E13*400 -> 800 | G13: =COUNTIF(B:B,B13) -> 1 | H13: CHECKED (OK)
A14: 11 | B14: 1040868 | C14: =vlookup(B14,'Crew Data'!C:G,5,0) -> Napatchakorn Khaminbut | D14: 14 January 2025 - 15 January 2025 | E14: 2 | F14: =E14*400 -> 800 | G14: =COUNTIF(B:B,B14) -> 1 | H14: CHECKED (OK)
A15: 12 | B15: 1019518 | C15: =vlookup(B15,'Crew Data'!C:G,5,0) -> Naratip Dumrongthai | D15: 16 January 2025 - 17 January 2025 | E15: 2 | F15: =E15*400 -> 800 | G15: =COUNTIF(B:B,B15) -> 1 | H15: CHECKED (OK)
A16: 13 | B16: 1015405 | C16: =vlookup(B16,'Crew Data'!C:G,5,0) -> Nuttapon Pungjun | D16: 16 January 2025 - 17 January 2025 | E16: 2 | F16: =E16*400 -> 800 | G16: =COUNTIF(B:B,B16) -> 1 | H16: CHECKED (OK)
A17: 14 | B17: 1001822 | C17: =vlookup(B17,'Crew Data'!C:G,5,0) -> Wilasinee Natenopparat | D17: 7 January 2025 - 8 January 2025 | E17: 2 | F17: =E17*400 -> 800 | G17: =COUNTIF(B:B,B17) -> 1 | H17: CHECKED (OK)
A18: 15 | B18: 1012158 | C18: =vlookup(B18,'Crew Data'!C:G,5,0) -> Itthipong Khanthonglor | D18: 21 January 2025 - 22 January 2025 | E18: 2 | F18: =E18*400 -> 800 | G18: =COUNTIF(B:B,B18) -> 1 | H18: CHECKED (OK)
A19: 16 | B19: 1000486 | C19: =vlookup(B19,'Crew Data'!C:G,5,0) -> Ratthinan Wasupornwiboon | D19: 14 January 2025 - 15 January 2025 | E19: 2 | F19: =E19*400 -> 800 | G19: =COUNTIF(B:B,B19) -> 1 | H19: CHECKED (OK)
A20: 17 | B20: 1011516 | C20: =vlookup(B20,'Crew Data'!C:G,5,0) -> Thitipol Soontorn-Anantakul | D20: 7 January 2025 - 8 January 2025 | E20: 2 | F20: =E20*400 -> 800 | G20: =COUNTIF(B:B,B20) -> 1 | H20: CHECKED (OK)
A21: 18 | B21: 1011762 | C21: =vlookup(B21,'Crew Data'!C:G,5,0) -> Tritotsaporn Ketudat | D21: 18 January 2025 - 19 January 2025 | E21: 2 | F21: =E21*400 -> 800 | G21: =COUNTIF(B:B,B21) -> 1 | H21: CHECKED (OK)
... A53: 50 | B53: 1000736 | C53: =vlookup(B53,'Crew Data'!C:G,5,0) -> Ekkachai Moolla | D53: 19 December 2024 - 20 December 2024 | E53: 2 | F53: =E53*400 -> 800 | G53: =COUNTIF(B:B,B53) -> 1 | H53: CHECKED (OK)

Sheet FEBUARY 2025
A1: Perdiem Report in FEBUARY 2025 | H1: Last updated : 3 MAR 2025 Time: 12.00 (Status : CLOSED)
A2: Item | B2: New ID No. | C2: Employee name | D2: Period | E2: Description
E3: Days | F3: Total Perdiem (THB) | H3: Cross Checked by Supervisor | I3: REMARK
A4: 1 | B4: 1012680 | C4: =vlookup(B4,'Crew Data'!C:G,5,0) -> Wiracha Chamsoongnern | D4: 14 January 2025 - 15 January 2025 | E4: 2 | F4: =E4*400 -> 800 | G4: =COUNTIF(B:B,B4) -> 1 | H4: CHECKED (OK) | I4: ตกเบิกเดือนมกราคม 68
A5: 2 | B5: 1004127 | C5: =vlookup(B5,'Crew Data'!C:G,5,0) -> Thawinun Arunnuntapanich | D5: 45658 | E5: 1 | F5: =E5*400 -> 400 | G5: =COUNTIF(B:B,B5) -> 1 | H5: CHECKED (OK) | I5: ตกเบิกเดือนมกราคม 68
A6: 3 | B6: 1004213 | C6: =vlookup(B6,'Crew Data'!C:G,5,0) -> Worapada Suetrongmunkong | D6: 1 Febuary 2025 - 2 Febuary 2025 | E6: 2 | F6: =E6*400 -> 800 | G6: =COUNTIF(B:B,B6) -> 1 | H6: CHECKED (OK)
A7: 4 | B7: 1028736 | C7: =vlookup(B7,'Crew Data'!C:G,5,0) -> Nutchanat Tawong | D7: 1 Febuary 2025 - 2 Febuary 2025 | E7: 2 | F7: =E7*400 -> 800 | G7: =COUNTIF(B:B,B7) -> 1 | H7: CHECKED (OK)
A8: 5 | B8: 1007841 | C8: =vlookup(B8,'Crew Data'!C:G,5,0) -> Wisanee Nateeviriyaworakul | D8: 1 Febuary 2025 - 2 Febuary 2025 | E8: 2 | F8: =E8*400 -> 800 | G8: =COUNTIF(B:B,B8) -> 1 | H8: CHECKED (OK)
A9: 6 | B9: 1003418 | C9: =vlookup(B9,'Crew Data'!C:G,5,0) -> Chiravitch Kittiphongsathaporn | D9: 4 Febuary 2025 - 5 Febuary 2025 | E9: 2 | F9: =E9*400 -> 800 | G9: =COUNTIF(B:B,B9) -> 1 | H9: CHECKED (OK)
A10: 7 | B10: 1001614 | C10: =vlookup(B10,'Crew Data'!C:G,5,0) -> Sanlaya Kanrarat | D10: 6 Febuary 2025 - 7 Febuary 2025 | E10: 2 | F10: =E10*400 -> 800 | G10: =COUNTIF(B:B,B10) -> 1 | H10: CHECKED (OK)
A11: 8 | B11: 1012187 | C11: =vlookup(B11,'Crew Data'!C:G,5,0) -> Warangkana Mattaweewong | D11: 11 Febuary 2025 - 12 Febuary 2025 | E11: 2 | F11: =E11*400 -> 800 | G11: =COUNTIF(B:B,B11) -> 1 | H11: CHECKED (OK)
A12: 9 | B12: 1011844 | C12: =vlookup(B12,'Crew Data'!C:G,5,0) -> Thanyaporn Vaivattana | D12: 11 Febuary 2025 - 12 Febuary 2025 | E12: 2 | F12: =E12*400 -> 800 | G12: =COUNTIF(B:B,B12) -> 1 | H12: CHECKED (OK)
A13: 10 | B13: 1015405 | C13: =vlookup(B13,'Crew Data'!C:G,5,0) -> Nuttapon Pungjun | D13: 13 Febuary 2025 - 14 Febuary 2025 | E13: 2 | F13: =E13*400 -> 800 | G13: =COUNTIF(B:B,B13) -> 1 | H13: CHECKED (OK)
A14: 11 | B14: 1001286 | C14: =vlookup(B14,'Crew Data'!C:G,5,0) -> Sirinart Auypornbusyakom | D14: 11 Febuary 2025 - 12 Febuary 2025 | E14: 2 | F14: =E14*400 -> 800 | G14: =COUNTIF(B:B,B14) -> 1 | H14: CHECKED (OK)
A15: 12 | B15: 1011848 | C15: =vlookup(B15,'Crew Data'!C:G,5,0) -> Wiput Janvanichstaporn | D15: 15 Febuary 2025 - 16 Febuary 2025 | E15: 2 | F15: =E15*400 -> 800 | G15: =COUNTIF(B:B,B15) -> 1 | H15: CHECKED (OK)
A16: 13 | B16: 1014064 | C16: =vlookup(B16,'Crew Data'!C:G,5,0) -> Jaraspak Plengkhum | D16: 1 Febuary 2025 - 2 Febuary 2025 | E16: 2 | F16: =E16*400 -> 800 | G16: =COUNTIF(B:B,B16) -> 1 | H16: CHECKED (OK)
A17: 14 | B17: 1006995 | C17: =vlookup(B17,'Crew Data'!C:G,5,0) -> Kornrumpha Wongsing | D17: 15 Febuary 2025 - 16 Febuary 2025 | E17: 2 | F17: =E17*400 -> 800 | G17: =COUNTIF(B:B,B17) -> 1 | H17: CHECKED (OK)
... A44: 41 | B44: 1022662 | C44: =vlookup(B44,'Crew Data'!C:G,5,0) -> Wachiraporn Songkram | D44: 20 Febuary 2025 - 21 Febuary 2025 | E44: 2 | F44: =E44*400 -> 800 | G44: =COUNTIF(B:B,B44) -> 1 | H44: CHECKED (OK)
A45: 41 | C45: =vlookup(B45,'Crew Data'!C:G,5,0) -> #N/A | F45: =E45*400 -> 0 | G45: =COUNTIF(B:B,B45) -> 0 | H45: CHECKED (OK)
A46: 42 | C46: =vlookup(B46,'Crew Data'!C:G,5,0) -> #N/A | F46: =E46*400 -> 0 | G46: =COUNTIF(B:B,B46) -> 0 | H46: CHECKED (OK)
A47: 43 | C47: =vlookup(B47,'Crew Data'!C:G,5,0) -> #N/A | F47: =E47*400 -> 0 | G47: =COUNTIF(B:B,B47) -> 0 | H47: CHECKED (OK)
A48: 44 | C48: =vlookup(B48,'Crew Data'!C:G,5,0) -> #N/A | F48: =E48*400 -> 0 | G48: =COUNTIF(B:B,B48) -> 0 | H48: CHECKED (OK)
A49: 45 | C49: =vlookup(B49,'Crew Data'!C:G,5,0) -> #N/A | F49: =E49*400 -> 0 | G49: =COUNTIF(B:B,B49) -> 0 | H49: CHECKED (OK)
A50: 46 | C50: =vlookup(B50,'Crew Data'!C:G,5,0) -> #N/A | F50: =E50*400 -> 0 | G50: =COUNTIF(B:B,B50) -> 0 | H50: CHECKED (OK)
A51: 47 | C51: =vlookup(B51,'Crew Data'!C:G,5,0) -> #N/A | F51: =E51*400 -> 0 | G51: =COUNTIF(B:B,B51) -> 0 | H51: CHECKED (OK)
A52: 48 | C52: =vlookup(B52,'Crew Data'!C:G,5,0) -> #N/A | F52: =E52*400 -> 0 | G52: =COUNTIF(B:B,B52) -> 0 | H52: CHECKED (OK)
A53: 49 | C53: =vlookup(B53,'Crew Data'!C:G,5,0) -> #N/A | F53: =E53*400 -> 0 | G53: =COUNTIF(B:B,B53) -> 0 | H53: CHECKED (OK)
A54: 50 | C54: =vlookup(B54,'Crew Data'!C:G,5,0) -> #N/A | F54: =E54*400 -> 0 | G54: =COUNTIF(B:B,B54) -> 0 | H54: CHECKED (OK)

Sheet MARCH 2025
A1: Perdiem Report in MARCH 2025 | H1: Last updated : 2 APR 2025 Time: 10.00 (Status : CLOSE)
A2: Item | B2: New ID No. | C2: Employee name | D2: Period | E2: Description
E3: Days | F3: Total Perdiem (THB) | H3: Cross Checked by Supervisor | I3: REMARK
A4: 1 | B4: 1001617 | C4: =vlookup(B4,'Crew Data'!C:G,5,0) -> Suthida Tanakarn | D4: 13 FEB 2025 - 14 FEB 2025 | E4: 2 | F4: =E4*400 -> 800 | G4: =COUNTIF(B:B,B4) -> 1 | H4: CHECKED (OK) | I4: ตกเบิกเดือนกุมภาพันธ์
A5: 2 | B5: 1007022 | C5: =vlookup(B5,'Crew Data'!C:G,5,0) -> Waroot Chanpueak | D5: 1 March 2025 - 2 March 2025 | E5: 2 | F5: =E5*400 -> 800 | G5: =COUNTIF(B:B,B5) -> 1 | H5: CHECKED (OK)
A6: 3 | B6: 1015094 | C6: =vlookup(B6,'Crew Data'!C:G,5,0) -> Pheephat Janjamras | D6: 1 March 2025 - 2 March 2025 | E6: 2 | F6: =E6*400 -> 800 | G6: =COUNTIF(B:B,B6) -> 1 | H6: CHECKED (OK)
A7: 4 | B7: 1010880 | C7: =vlookup(B7,'Crew Data'!C:G,5,0) -> Chutima Thitisantikhun | D7: 1 March 2025 - 2 March 2025 | E7: 2 | F7: =E7*400 -> 800 | G7: =COUNTIF(B:B,B7) -> 1 | H7: CHECKED (OK)
A8: 5 | B8: 1043868 | C8: =vlookup(B8,'Crew Data'!C:G,5,0) -> Sutida Srisuwantada | D8: 4 March 2025 - 5 March 2025 | E8: 2 | F8: =E8*400 -> 800 | G8: =COUNTIF(B:B,B8) -> 1 | H8: CHECKED (OK)
A9: 6 | B9: 1009434 | C9: =vlookup(B9,'Crew Data'!C:G,5,0) -> Wanpiya Kaewyok | D9: 1 March 2025 - 2 March 2025 | E9: 2 | F9: =E9*400 -> 800 | G9: =COUNTIF(B:B,B9) -> 1 | H9: CHECKED (OK)
A10: 7 | B10: 1005303 | C10: =vlookup(B10,'Crew Data'!C:G,5,0) -> Piyathida Jaikla | D10: 8 March 2025 - 9 March 2025 | E10: 2 | F10: =E10*400 -> 800 | G10: =COUNTIF(B:B,B10) -> 1 | H10: CHECKED (OK)
A11: 8 | B11: 1005289 | C11: =vlookup(B11,'Crew Data'!C:G,5,0) -> Varoonyupa Choovet | D11: 8 March 2025 - 9 March 2025 | E11: 2 | F11: =E11*400 -> 800 | G11: =COUNTIF(B:B,B11) -> 1 | H11: CHECKED (OK)
A12: 9 | B12: 1019402 | C12: =vlookup(B12,'Crew Data'!C:G,5,0) -> Methawat Thitinawasup | D12: 13 March 2025 - 14 March 2025 | E12: 2 | F12: =E12*400 -> 800 | G12: =COUNTIF(B:B,B12) -> 1 | H12: CHECKED (OK)
A13: 10 | B13: 1010805 | C13: =vlookup(B13,'Crew Data'!C:G,5,0) -> Tipparada Chiewsamran | D13: 8 March 2025 - 9 March 2025 | E13: 2 | F13: =E13*400 -> 800 | G13: =COUNTIF(B:B,B13) -> 1 | H13: CHECKED (OK)
A14: 11 | B14: 1000736 | C14: =vlookup(B14,'Crew Data'!C:G,5,0) -> Ekkachai Moolla | D14: 13 March 2025 - 14 March 2025 | E14: 2 | F14: =E14*400 -> 800 | G14: =COUNTIF(B:B,B14) -> 1 | H14: CHECKED (OK)
A15: 12 | B15: 1010721 | C15: =vlookup(B15,'Crew Data'!C:G,5,0) -> Papitchaya Saytasuhat | D15: 18 March 2025 - 19 March 2025 | E15: 2 | F15: =E15*400 -> 800 | G15: =COUNTIF(B:B,B15) -> 1 | H15: CHECKED (OK)
A16: 13 | B16: 1003302 | C16: =vlookup(B16,'Crew Data'!C:G,5,0) -> Panwad Thongkham | D16: 8 March 2025 - 9 March 2025 | E16: 2 | F16: =E16*400 -> 800 | G16: =COUNTIF(B:B,B16) -> 1 | H16: CHECKED (OK)
... A40: 37 | B40: 1003047 | C40: =vlookup(B40,'Crew Data'!C:G,5,0) -> Mananpat Dechanoppawit | D40: 29 March 2025 - 30 March 2025 | E40: 2 | F40: =E40*400 -> 800 | G40: =COUNTIF(B:B,B40) -> 1 | H40: CHECKED (OK)

Sheet APRIL 2025
A1: Perdiem Report in April 2025 | I1: Last updated : 3 MAY 2025 Time: 10.00 (Status : CLOSE)
A2: Item | B2: New ID No. | C2: Employee name | D2: Period | E2: Description
E3: Days | F3: Total Perdiem (THB) | H3: Cross Checked by Supervisor | I3: REMARK
A4: 1 | B4: 1013189 | C4: =vlookup(B4,'Crew Data'!C:G,5,0) -> Supakrit Khongvittaya | D4: 15 March 2025 - 16 March 2025 | E4: 2 | F4: =E4*400 -> 800 | G4: =COUNTIF(B:B,B4) -> 1 | H4: CHECKED (OK) | I4: ตกเบิกเดือนมีนาคม
A5: 2 | B5: 1004683 | C5: =vlookup(B5,'Crew Data'!C:G,5,0) -> Prok Lartham | D5: 1 March 2025 - 31 March 2025 | E5: 31 | F5: =E5*400 -> 12400 | G5: =COUNTIF(B:B,B5) -> 1 | H5: CHECKED (OK) | I5: ตกเบิกเดือนมีนาคม
A6: 3 | B6: 1012193 | C6: =vlookup(B6,'Crew Data'!C:G,5,0) -> Phoemsakun Phongpradist | D6: 13 March 2025 - 14 March 2025 | E6: 2 | F6: =E6*400 -> 800 | G6: =COUNTIF(B:B,B6) -> 1 | H6: CHECKED (OK) | I6: ตกเบิกเดือนมีนาคม
A7: 4 | B7: 1005762 | C7: =vlookup(B7,'Crew Data'!C:G,5,0) -> Photchara Srisuk | D7: 1 March 2025 - 7 March 2025 15 MARCH 2025 - 31 MARCH 2025 | E7: 24 | F7: =E7*400 -> 9600 | G7: =COUNTIF(B:B,B7) -> 1 | H7: CHECKED (OK) | I7: ตกเบิกเดือนมีนาคม
A8: 5 | B8: 1012975 | C8: =vlookup(B8,'Crew Data'!C:G,5,0) -> Chalintara Chinaratana | D8: 22 March 2025 - 23 March 2025 | E8: 2 | F8: =E8*400 -> 800 | G8: =COUNTIF(B:B,B8) -> 1 | H8: CHECKED (OK) | I8: ตกเบิกเดือนมีนาคม
A9: 6 | B9: 1007207 | C9: =vlookup(B9,'Crew Data'!C:G,5,0) -> Sasiwan Nakate | D9: 8 Feb 2025 - 9 Feb 2025 20 March 2025 - 21 March 2025 23 April 2025 - 24 April 2025 | E9: 6 | F9: =E9*400 -> 2400 | G9: =COUNTIF(B:B,B9) -> 1 | H9: CHECKED (OK)
A10: 7 | B10: 1011844 | C10: =vlookup(B10,'Crew Data'!C:G,5,0) -> Thanyaporn Vaivattana | D10: 3 April 2025 - 4 April 2025 | E10: 2 | F10: =E10*400 -> 800 | G10: =COUNTIF(B:B,B10) -> 1 | H10: CHECKED (OK)
A11: 8 | B11: 1005769 | C11: =vlookup(B11,'Crew Data'!C:G,5,0) -> Thanicha Noodee | D11: 5 April 2025 - 6 April 2025 | E11: 2 | F11: =E11*400 -> 800 | G11: =COUNTIF(B:B,B11) -> 1 | H11: CHECKED (OK)
A12: 9 | B12: 1002202 | C12: =vlookup(B12,'Crew Data'!C:G,5,0) -> Nithipkan Damrongpongkhajorn | D12: 5 April 2025 - 6 April 2025 | E12: 2 | F12: =E12*400 -> 800 | G12: =COUNTIF(B:B,B12) -> 1 | H12: CHECKED (OK)
A13: 10 | B13: 1012368 | C13: =vlookup(B13,'Crew Data'!C:G,5,0) -> #N/A | D13: 10 April 2025 - 11 April 2025 | E13: 2 | F13: =E13*400 -> 800 | G13: =COUNTIF(B:B,B13) -> 1 | H13: CHECKED (OK)
A14: 11 | B14: 1004292 | C14: =vlookup(B14,'Crew Data'!C:G,5,0) -> Darunee Anumat | D14: 5 April 2025 - 6 April 2025 | E14: 2 | F14: =E14*400 -> 800 | G14: =COUNTIF(B:B,B14) -> 1 | H14: CHECKED (OK)
A15: 12 | B15: 1014665 | C15: =vlookup(B15,'Crew Data'!C:G,5,0) -> Jaruwan Charoenratanapirom | D15: 12 April 2025 - 13 April 2025 | E15: 2 | F15: =E15*400 -> 800 | G15: =COUNTIF(B:B,B15) -> 1 | H15: CHECKED (OK)
A16: 13 | B16: 1011513 | C16: =vlookup(B16,'Crew Data'!C:G,5,0) -> Rawitnat Marayat | D16: 12 April 2025 - 13 April 2025 | E16: 2 | F16: =E16*400 -> 800 | G16: =COUNTIF(B:B,B16) -> 1 | H16: CHECKED (OK)
A17: 14 | B17: 1010904 | C17: =vlookup(B17,'Crew Data'!C:G,5,0) -> Phadoongkiat Phanwilai | D17: 12 April 2025 - 13 April 2025 | E17: 2 | F17: =E17*400 -> 800 | G17: =COUNTIF(B:B,B17) -> 1 | H17: CHECKED (OK)
A18: 15 | B18: 1014662 | C18: =vlookup(B18,'Crew Data'!C:G,5,0) -> Duangkamon Wongjareanyong | D18: 11 April 2025 - 12 April 2025 | E18: 2 | F18: =E18*400 -> 800 | G18: =COUNTIF(B:B,B18) -> 1 | H18: CHECKED (OK)
A19: 16 | B19: 1005444 | C19: =vlookup(B19,'Crew Data'!C:G,5,0) -> Rassarin Weerathammavit | D19: 10 April 2025 - 11 April 2025 | E19: 2 | F19: =E19*400 -> 800 | G19: =COUNTIF(B:B,B19) -> 1 | H19: CHECKED (OK)
A20: 17 | B20: 1016385 | C20: =vlookup(B20,'Crew Data'!C:G,5,0) -> Raweewan Sritong | D20: 12 April 2025 - 13 April 2025 | E20: 2 | F20: =E20*400 -> 800 | G20: =COUNTIF(B:B,B20) -> 1 | H20: CHECKED (OK)
... A61: 58 | B61: 1005824 | C61: =vlookup(B61,'Crew Data'!C:G,5,0) -> Panchita Swangarom | D61: 16 April 2025 - 17 April 2025 | E61: 2 | F61: =E61*400 -> 800 | G61: =COUNTIF(B:B,B61) -> 1 | H61: CHECKED (OK)
A62: 59 | B62: 1012902 | C62: =vlookup(B62,'Crew Data'!C:G,5,0) -> Saowarat Sowa | D62: 45777 | E62: 1 | F62: =E62*400 -> 400 | G62: =COUNTIF(B:B,B62) -> 1 | H62: CHECKED (OK)
A63: 60 | B63: 1006995 | C63: =vlookup(B63,'Crew Data'!C:G,5,0) -> Kornrumpha Wongsing | D63: 27 April 2025 - 28 April 2025 | E63: 2 | F63: =E63*400 -> 800 | G63: =COUNTIF(B:B,B63) -> 1 | H63: CHECKED (OK)
A64: 61 | B64: 1009001 | C64: =vlookup(B64,'Crew Data'!C:G,5,0) -> Suphachok Pannakitchakul | D64: 1 April 2025 - 30 April 2025 | E64: 30 | F64: =E64*400 -> 12000 | G64: =COUNTIF(B:B,B64) -> 1 | H64: CHECKED (OK)
A65: 62 | B65: 1025144 | C65: =vlookup(B65,'Crew Data'!C:G,5,0) -> Maythawee Krabuansri | D65: 10 April 2025 - 11 April 2025 | E65: 2 | F65: =E65*400 -> 800 | G65: =COUNTIF(B:B,B65) -> 1 | H65: CHECKED (OK)
A66: 63 | B66: 1002909 | C66: =vlookup(B66,'Crew Data'!C:G,5,0) -> Panodpol Yensuong | D66: 16 April 2025 - 17 April 2025 | E66: 2 | F66: =E66*400 -> 800 | G66: =COUNTIF(B:B,B66) -> 1 | H66: CHECKED (OK)
A67: 64 | B67: 1040354 | C67: =vlookup(B67,'Crew Data'!C:G,5,0) -> #N/A | D67: 18 April 2025 - 19 April 2025 | E67: 2 | F67: =E67*400 -> 800 | G67: =COUNTIF(B:B,B67) -> 1 | H67: CHECKED (OK)
A68: 65 | B68: 1006844 | C68: =vlookup(B68,'Crew Data'!C:G,5,0) -> Rada Nilyam | D68: 15 April 2025 - 16 April 2025 | E68: 2 | F68: =E68*400 -> 800 | G68: =COUNTIF(B:B,B68) -> 1 | H68: CHECKED (OK)
A69: 66 | B69: 1012369 | C69: =vlookup(B69,'Crew Data'!C:G,5,0) -> Savitree Sukprakop | D69: 15 April 2025 - 16 April 2025 | E69: 2 | F69: =E69*400 -> 800 | G69: =COUNTIF(B:B,B69) -> 1 | H69: CHECKED (OK)
A70: 67 | B70: 1044217 | C70: =vlookup(B70,'Crew Data'!C:G,5,0) -> Tanayaporn Sombatboriboon | D70: 45777 | E70: 1 | F70: =E70*400 -> 400 | G70: =COUNTIF(B:B,B70) -> 1 | H70: CHECKED (OK)
E71: Total | F71: =sum(F4:F70) -> 150800

Sheet MAY 2025
A1: Perdiem Report in May 2025 | I1: Last updated : 4 JUN 2025 Time: 10.00 (Status : CLOSE)
A2: Item | B2: New ID No. | C2: Employee name | D2: Period | E2: Description
E3: Days | F3: Total Perdiem (THB) | H3: Cross Checked by Supervisor | I3: REMARK
A4: 1 | B4: 1040506 | C4: =vlookup(B4,'Crew Data'!C:G,5,0) -> Chomphunut Detdutsadee | D4: 10 April 2025 - 11 April 2025 28 May 2025 - 29 May 2025 | E4: 4 | F4: =E4*400 -> 1600 | G4: =COUNTIF(B:B,B4) -> 1 | H4: CHECKED (OK) | I4: ตกเบิกเดือนเมษายน
A5: 2 | B5: 1002910 | C5: =vlookup(B5,'Crew Data'!C:G,5,0) -> Patsita Patchararujirathchot | D5: 1 April 2025 - 26 April 2025 28 April 2025 | E5: 27 | F5: =E5*400 -> 10800 | G5: =COUNTIF(B:B,B5) -> 1 | H5: CHECKED (OK) | I5: ตกเบิกเดือนเมษายน
A6: 3 | B6: 1000736 | C6: =vlookup(B6,'Crew Data'!C:G,5,0) -> Ekkachai Moolla | D6: 17 April 2025 - 18 April 2025 | E6: 2 | F6: =E6*400 -> 800 | G6: =COUNTIF(B:B,B6) -> 1 | H6: CHECKED (OK) | I6: ตกเบิกเดือนเมษายน
A7: 4 | B7: 1011719 | C7: =vlookup(B7,'Crew Data'!C:G,5,0) -> Chiraporn Suriwan | D7: 26 April 2025 - 27 April 2025 | E7: 2 | F7: =E7*400 -> 800 | G7: =COUNTIF(B:B,B7) -> 1 | H7: CHECKED (OK) | I7: ตกเบิกเดือนเมษายน
A8: 5 | B8: 1011762 | C8: =vlookup(B8,'Crew Data'!C:G,5,0) -> Tritotsaporn Ketudat | D8: 26 April 2025 - 27 April 2025 | E8: 2 | F8: =E8*400 -> 800 | G8: =COUNTIF(B:B,B8) -> 1 | H8: CHECKED (OK) | I8: ตกเบิกเดือนเมษายน
A9: 6 | B9: 1015406 | C9: =vlookup(B9,'Crew Data'!C:G,5,0) -> Perati Ardwong | D9: 27 April 2025 - 28 April 2025 | E9: 2 | F9: =E9*400 -> 800 | G9: =COUNTIF(B:B,B9) -> 1 | H9: CHECKED (OK) | I9: ตกเบิกเดือนเมษายน
A10: 7 | B10: 1006752 | C10: =vlookup(B10,'Crew Data'!C:G,5,0) -> Tanyada Charoenpong | D10: 8 April 2025 - 9 April 2025 | E10: 2 | F10: =E10*400 -> 800 | G10: =COUNTIF(B:B,B10) -> 1 | H10: CHECKED (OK) | I10: ตกเบิกเดือนเมษายน
A11: 8 | B11: 1017919 | C11: =vlookup(B11,'Crew Data'!C:G,5,0) -> Asanlaya Choomit | D11: 6 March 2025 - 7 March 2025 | E11: 2 | F11: =E11*400 -> 800 | G11: =COUNTIF(B:B,B11) -> 1 | H11: CHECKED (OK) | I11: ตกเบิกเดือนมีนาคม
A12: 9 | B12: 1040517 | C12: =vlookup(B12,'Crew Data'!C:G,5,0) -> #N/A | D12: 1 April 2025 - 2 April 2025 | E12: 2 | F12: =E12*400 -> 800 | G12: =COUNTIF(B:B,B12) -> 1 | H12: CHECKED (OK) | I12: ตกเบิกเดือนเมษายน
A13: 10 | B13: 1010934 | C13: =vlookup(B13,'Crew Data'!C:G,5,0) -> Werawat Sittipachaikul | D13: 15 April 2025 - 16 April 2025 | E13: 2 | F13: =E13*400 -> 800 | G13: =COUNTIF(B:B,B13) -> 1 | H13: CHECKED (OK) | I13: ตกเบิกเดือนเมษายน
A14: 11 | B14: 1011322 | C14: =vlookup(B14,'Crew Data'!C:G,5,0) -> Thanaporn Thong-In | D14: 18 April 2025 - 19 April 2025 | E14: 2 | F14: =E14*400 -> 800 | G14: =COUNTIF(B:B,B14) -> 1 | H14: CHECKED (OK) | I14: ตกเบิกเดือนเมษายน
A15: 12 | B15: 1012357 | C15: =vlookup(B15,'Crew Data'!C:G,5,0) -> Ekkaphon Mengchuai | D15: 4 February 2025 - 5 February 2025 16 April 2025 - 17 April 2025 | E15: 4 | F15: =E15*400 -> 1600 | G15: =COUNTIF(B:B,B15) -> 1 | H15: CHECKED (OK) | I15: ตกเบิกเดือนเมษายน
... A21: 18 | B21: 1012182 | C21: =vlookup(B21,'Crew Data'!C:G,5,0) -> Soikamol Phonakhon | D21: 8 April 2025 - 9 April 2025 | E21: 2 | F21: =E21*400 -> 800 | G21: =COUNTIF(B:B,B21) -> 1 | H21: CHECKED (OK) | I21: ตกเบิกเดือนเมษายน
A22: 19 | B22: 1005805 | C22: =vlookup(B22,'Crew Data'!C:G,5,0) -> Kunaporn Rittichart | D22: 2 May 2025 - 3 May 2025 | E22: 2 | F22: =E22*400 -> 800 | G22: =COUNTIF(B:B,B22) -> 1 | H22: CHECKED (OK)
A23: 20 | B23: 1040352 | C23: =vlookup(B23,'Crew Data'!C:G,5,0) -> Jaksananapa Yingprayoon | D23: 1 May 2025 - 2 May 2025 | E23: 2 | F23: =E23*400 -> 800 | G23: =COUNTIF(B:B,B23) -> 1 | H23: CHECKED (OK)
A24: 21 | B24: 1004329 | C24: =vlookup(B24,'Crew Data'!C:G,5,0) -> Supattra Narattaraksa | D24: 2 May 2025 - 3 May 2025 | E24: 2 | F24: =E24*400 -> 800 | G24: =COUNTIF(B:B,B24) -> 1 | H24: CHECKED (OK)
A25: 22 | B25: 1012158 | C25: =vlookup(B25,'Crew Data'!C:G,5,0) -> Itthipong Khanthonglor | D25: 2 May 2025 - 3 May 2025 | E25: 2 | F25: =E25*400 -> 800 | G25: =COUNTIF(B:B,B25) -> 1 | H25: CHECKED (OK)
A26: 23 | B26: 1007006 | C26: =vlookup(B26,'Crew Data'!C:G,5,0) -> Wipaporn Prasertsom | D26: 1 May 2025 - 2 May 2025 | E26: 2 | F26: =E26*400 -> 800 | G26: =COUNTIF(B:B,B26) -> 1 | H26: CHECKED (OK)
A27: 24 | B27: 1012362 | C27: =vlookup(B27,'Crew Data'!C:G,5,0) -> Patcharagorn Chankhong | D27: 45778 | E27: 1 | F27: =E27*400 -> 400 | G27: =COUNTIF(B:B,B27) -> 1 | H27: CHECKED (OK)
A28: 25 | B28: 1040509 | C28: =vlookup(B28,'Crew Data'!C:G,5,0) -> Namita Sukanan | D28: 4 May 2025 - 5 May 2025 | E28: 2 | F28: =E28*400 -> 800 | G28: =COUNTIF(B:B,B28) -> 1 | H28: CHECKED (OK)
A29: 26 | B29: 1003302 | C29: =vlookup(B29,'Crew Data'!C:G,5,0) -> Panwad Thongkham | D29: 7 May 2025 - 8 May 2025 | E29: 2 | F29: =E29*400 -> 800 | G29: =COUNTIF(B:B,B29) -> 1 | H29: CHECKED (OK)
A30: 27 | B30: 1001615 | C30: =vlookup(B30,'Crew Data'!C:G,5,0) -> Sansanee Chittiboonruan | D30: 8 May 2025 - 9 May 2025 | E30: 2 | F30: =E30*400 -> 800 | G30: =COUNTIF(B:B,B30) -> 1 | H30: CHECKED (OK)
A31: 28 | B31: 1010731 | C31: =vlookup(B31,'Crew Data'!C:G,5,0) -> Samatikan Boonket | D31: 8 May 2025 - 9 May 2025 | E31: 2 | F31: =E31*400 -> 800 | G31: =COUNTIF(B:B,B31) -> 1 | H31: CHECKED (OK)
A32: 29 | B32: 1011308 | C32: =vlookup(B32,'Crew Data'!C:G,5,0) -> Narisa Jotikasathira | D32: 4 May 2025 - 8 May 2025 | E32: 4 | F32: =E32*400 -> 1600 | G32: =COUNTIF(B:B,B32) -> 1 | H32: CHECKED (OK)
A33: 30 | B33: 1009001 | C33: =vlookup(B33,'Crew Data'!C:G,5,0) -> Suphachok Pannakitchakul | D33: 1 May 2025 - 7 May 2025 | E33: 7 | F33: =E33*400 -> 2800 | G33: =COUNTIF(B:B,B33) -> 1 | H33: CHECKED (OK)
A34: 31 | B34: 1019518 | C34: =vlookup(B34,'Crew Data'!C:G,5,0) -> Naratip Dumrongthai | D34: 9 May 2025 - 10 May 2025 | E34: 2 | F34: =E34*400 -> 800 | G34: =COUNTIF(B:B,B34) -> 1 | H34: CHECKED (OK)
A35: 32 | B35: 1011824 | C35: =vlookup(B35,'Crew Data'!C:G,5,0) -> Pimnipa Limpatawonpong | D35: 9 May 2025 - 10 May 2025 | E35: 2 | F35: =E35*400 -> 800 | G35: =COUNTIF(B:B,B35) -> 1 | H35: CHECKED (OK)
A36: 33 | B36: 1003392 | C36: =vlookup(B36,'Crew Data'!C:G,5,0) -> Punnaphas Tawornpanmanee | D36: 3 May 2025 - 4 May 2025 | E36: 2 | F36: =E36*400 -> 800 | G36: =COUNTIF(B:B,B36) -> 1 | H36: CHECKED (OK)
A37: 34 | B37: 1004531 | C37: =vlookup(B37,'Crew Data'!C:G,5,0) -> Nattakan Kanokpantarakorn | D37: 9 May 2025 - 10 May 2025 | E37: 2 | F37: =E37*400 -> 800 | G37: =COUNTIF(B:B,B37) -> 1 | H37: CHECKED (OK)
A38: 35 | B38: 1003418 | C38: =vlookup(B38,'Crew Data'!C:G,5,0) -> Chiravitch Kittiphongsathaporn | D38: 3 May 2025 - 4 May 2025 | E38: 2 | F38: =E38*400 -> 800 | G38: =COUNTIF(B:B,B38) -> 1 | H38: CHECKED (OK)
A39: 36 | B39: 1007020 | C39: =vlookup(B39,'Crew Data'!C:G,5,0) -> Thamonwan Chinnarukbumrung | D39: 11 May 2025 - 12 May 2025 | E39: 2 | F39: =E39*400 -> 800 | G39: =COUNTIF(B:B,B39) -> 1 | H39: CHECKED (OK)
... A87: 84 | B87: 1039129 | C87: =vlookup(B87,'Crew Data'!C:G,5,0) -> Thitikan Bubphachuen | D87: 4 May 2025 - 5 May 2025 13 May 2025 - 14 May 2025 | E87: 4 | F87: =E87*400 -> 1600 | G87: =COUNTIF(B:B,B87) -> 1 | H87: CHECKED (OK)
A88: 85 | B88: 1011509 | C88: =vlookup(B88,'Crew Data'!C:G,5,0) -> Natcha Supakhong | D88: 45808 | E88: 1 | F88: =E88*400 -> 400 | G88: =COUNTIF(B:B,B88) -> 1 | H88: CHECKED (OK)
A89: 86 | B89: 1005762 | C89: =vlookup(B89,'Crew Data'!C:G,5,0) -> Photchara Srisuk | D89: 1 May 2025 - 5 May 2025 7 May 2025 - 21 May 2025 24 May 2025 - 31 May 2025 | E89: 28 | F89: =E89*400 -> 11200 | G89: =COUNTIF(B:B,B89) -> 1 | H89: CHECKED (OK)
A90: 87 | B90: 1011323 | C90: =vlookup(B90,'Crew Data'!C:G,5,0) -> Yommana Arunrat | D90: 10 May 2025 - 11 May 2025 | E90: 2 | F90: =E90*400 -> 800 | G90: =COUNTIF(B:B,B90) -> 1 | H90: CHECKED (OK)
A91: 88 | B91: 1025144 | C91: =vlookup(B91,'Crew Data'!C:G,5,0) -> Maythawee Krabuansri | D91: 14 May 2025 - 15 May 2025 31 May 2025 | E91: 3 | F91: =E91*400 -> 1200 | G91: =COUNTIF(B:B,B91) -> 1 | H91: CHECKED (OK)
A92: 89 | B92: 1018532 | C92: =vlookup(B92,'Crew Data'!C:G,5,0) -> Kantachet Boonserm | D92: 1 May 2025 - 2 May 2025 27 May 2025 - 28 May 2025 | E92: 4 | F92: =E92*400 -> 1600 | G92: =COUNTIF(B:B,B92) -> 1 | H92: CHECKED (OK)
A93: 81 | B93: 1003368 | C93: =vlookup(B93,'Crew Data'!C:G,5,0) -> Woradaluck Lerdthanapaijit | D93: 30 May 2025 - 31 May 2025 | E93: 2 | F93: =E93*400 -> 800 | G93: =COUNTIF(B:B,B93) -> 1 | H93: CHECKED (OK)
A94: 82 | B94: 1001209 | C94: =vlookup(B94,'Crew Data'!C:G,5,0) -> Chadchaya Sinloy | D94: 25 May 2025 - 26 May 2025 | E94: 2 | F94: =E94*400 -> 800 | G94: =COUNTIF(B:B,B94) -> 1 | H94: CHECKED (OK)
A95: 83 | B95: 1018535 | C95: =vlookup(B95,'Crew Data'!C:G,5,0) -> Nawapu Dontaolek | D95: 18 May 2025 - 19 May 2025 | E95: 2 | F95: =E95*400 -> 800 | G95: =COUNTIF(B:B,B95) -> 1 | H95: CHECKED (OK)
A96: 84 | B96: 1011800 | C96: =vlookup(B96,'Crew Data'!C:G,5,0) -> Arisa Witthawaskul | D96: 18 May 2025 - 19 May 2025 | E96: 2 | F96: =E96*400 -> 800 | G96: =COUNTIF(B:B,B96) -> 1 | H96: CHECKED (OK)
A97: 85 | B97: 1025545 | C97: =vlookup(B97,'Crew Data'!C:G,5,0) -> Pattanan Joompadong | D97: 25 May 2025 - 26 May 2025 | E97: 2 | F97: =E97*400 -> 800 | G97: =COUNTIF(B:B,B97) -> 1 | H97: CHECKED (OK)
A98: 86 | B98: 1017639 | C98: =vlookup(B98,'Crew Data'!C:G,5,0) -> Dhanupol Sagulsukhmongkol | D98: 4 May 2025 - 5 May 2025 | E98: 2 | F98: =E98*400 -> 800 | G98: =COUNTIF(B:B,B98) -> 1 | H98: CHECKED (OK)
A99: 87 | B99: 1001684 | C99: =vlookup(B99,'Crew Data'!C:G,5,0) -> Smita Kittisastra | D99: 10 May 2025 - 11 May 2025 | E99: 2 | F99: =E99*400 -> 800 | G99: =COUNTIF(B:B,B99) -> 1 | H99: CHECKED (OK)
A100: 88 | B100: 1000735 | C100: =vlookup(B100,'Crew Data'!C:G,5,0) -> Darunee Duangdara | D100: 16 May 2025 - 17 May 2025 | E100: 2 | F100: =E100*400 -> 800 | G100: =COUNTIF(B:B,B100) -> 1 | H100: CHECKED (OK)
... A104: 92 | B104: 1027515 | C104: =vlookup(B104,'Crew Data'!C:G,5,0) -> Kantaporn Dechchu | D104: 18 May 2025 - 19 May 2025 | E104: 2 | F104: =E104*400 -> 800 | G104: =COUNTIF(B:B,B104) -> 1 | H104: CHECKED (OK)
A105: 93 | C105: =vlookup(B105,'Crew Data'!C:G,5,0) -> #N/A | F105: =E105*400 -> 0 | G105: =COUNTIF(B:B,B105) -> 0 | H105: CHECKED (OK)
A106: 94 | C106: =vlookup(B106,'Crew Data'!C:G,5,0) -> #N/A | F106: =E106*400 -> 0 | G106: =COUNTIF(B:B,B106) -> 0 | H106: CHECKED (OK)
A107: 95 | C107: =vlookup(B107,'Crew Data'!C:G,5,0) -> #N/A | F107: =E107*400 -> 0 | G107: =COUNTIF(B:B,B107) -> 0 | H107: CHECKED (OK)
A108: 96 | C108: =vlookup(B108,'Crew Data'!C:G,5,0) -> #N/A | F108: =E108*400 -> 0 | G108: =COUNTIF(B:B,B108) -> 0 | H108: CHECKED (OK)
A109: 97 | H109: CHECKED (OK)
A110: 98 | H110: CHECKED (OK)
A111: 99 | H111: CHECKED (OK)
A112: 100 | H112: CHECKED (OK)
A113: 101 | H113: CHECKED (OK)
A114: 102 | H114: CHECKED (OK)
A115: 103 | H115: CHECKED (OK)
A116: 104 | H116: CHECKED (OK)
A117: 105 | H117: CHECKED (OK)
A118: 106 | H118: CHECKED (OK)
A119: 107 | H119: CHECKED (OK)
A120: 108
A121: 109
A122: 110
A123: 111
A124: 112
A125: 113
A126: 114
A127: 115
A128: 116
A129: 117
A130: 118
A131: 119
... A148: 136

Sheet Sheet68
A1: =IFERROR(__xludf.DUMMYFUNCTION("IMPORTRANGE(""https://docs.google.com/spreadsheets/d/1mjARqxqic6swTCIrvlefIcbTXKfzscQXizcudD61xDk/edit?gid=0#gid=0"",""Crew Data!C:AD"")"),3.0) -> 3 | B1: =IFERROR(__xludf.DUMMYFUNCTION("""COMPUTED_VALUE"""),4.0) -> 4 | C1: =IFERROR(__xludf.DUMMYFUNCTION("""COMPUTED_VALUE"""),5.0) -> 5 | D1: =IFERROR(__xludf.DUMMYFUNCTION("""COMPUTED_VALUE"""),6.0) -> 6 | F1: =IFERROR(__xludf.DUMMYFUNCTION("""COMPUTED_VALUE"""),8.0) -> 8 | G1: =IFERROR(__xludf.DUMMYFUNCTION("""COMPUTED_VALUE"""),9.0) -> 9 | H1: =IFERROR(__xludf.DUMMYFUNCTION("""COMPUTED_VALUE"""),10.0) -> 10 | I1: =IFERROR(__xludf.DUMMYFUNCTION("""COMPUTED_VALUE"""),11.0) -> 11 | J1: =IFERROR(__xludf.DUMMYFUNCTION("""COMPUTED_VALUE"""),12.0) -> 12 | K1: =IFERROR(__xludf.DUMMYFUNCTION("""COMPUTED_VALUE"""),13.0) -> 13 | L1: =IFERROR(__xludf.DUMMYFUNCTION("""COMPUTED_VALUE"""),14.0) -> 14 | M1: =IFERROR(__xludf.DUMMYFUNCTION("""COMPUTED_VALUE"""),15.0) -> 15 | N1: =IFERROR(__xludf.DUMMYFUNCTION("""COMPUTED_VALUE"""),16.0) -> 16 | O1: =IFERROR(__xludf.DUMMYFUNCTION("""COMPUTED_VALUE"""),17.0) -> 17 | P1: =IFERROR(__xludf.DUMMYFUNCTION("""COMPUTED_VALUE"""),18.0) -> 18 | Q1: =IFERROR(__xludf.DUMMYFUNCTION("""COMPUTED_VALUE"""),19.0) -> 19 | R1: =IFERROR(__xludf.DUMMYFUNCTION("""COMPUTED_VALUE"""),20.0) -> 20 | S1: =IFERROR(__xludf.DUMMYFUNCTION("""COMPUTED_VALUE"""),21.0) -> 21 | T1: =IFERROR(__xludf.DUMMYFUNCTION("""COMPUTED_VALUE"""),22.0) -> 22 | U1: =IFERROR(__xludf.DUMMYFUNCTION("""COMPUTED_VALUE"""),23.0) -> 23 | V1: =IFERROR(__xludf.DUMMYFUNCTION("""COMPUTED_VALUE"""),24.0) -> 24 | W1: =IFERROR(__xludf.DUMMYFUNCTION("""COMPUTED_VALUE"""),25.0) -> 25 | X1: =IFERROR(__xludf.DUMMYFUNCTION("""COMPUTED_VALUE"""),26.0) -> 26 | Y1: =IFERROR(__xludf.DUMMYFUNCTION("""COMPUTED_VALUE"""),27.0) -> 27 | Z1: =IFERROR(__xludf.DUMMYFUNCTION("""COMPUTED_VALUE"""),28.0) -> 28 | AA1: =IFERROR(__xludf.DUMMYFUNCTION("""COMPUTED_VALUE"""),29.0) -> 29 | AB1: =IFERROR(__xludf.DUMMYFUNCTION("""COMPUTED_VALUE"""),30.0) -> 30
B2: =IFERROR(__xludf.DUMMYFUNCTION("""COMPUTED_VALUE"""),"ณ ปัจจุบันรายงานวันที่") -> ณ ปัจจุบันรายงานวันที่ | D2: =IFERROR(__xludf.DUMMYFUNCTION("""COMPUTED_VALUE"""),46166.0) -> 46166 | J2: =IFERROR(__xludf.DUMMYFUNCTION("""COMPUTED_VALUE"""),46166.0) -> 46166 | K2: =IFERROR(__xludf.DUMMYFUNCTION("""COMPUTED_VALUE"""),46166.0) -> 46166
A4: =IFERROR(__xludf.DUMMYFUNCTION("""COMPUTED_VALUE"""),"New ID") -> New ID | B4: =IFERROR(__xludf.DUMMYFUNCTION("""COMPUTED_VALUE"""),"Person PrefixEng") -> Person PrefixEng | C4: =IFERROR(__xludf.DUMMYFUNCTION("""COMPUTED_VALUE"""),"PersonFNameEng") -> PersonFNameEng | D4: =IFERROR(__xludf.DUMMYFUNCTION("""COMPUTED_VALUE"""),"PersonLNameEng") -> PersonLNameEng | E4: =IFERROR(__xludf.DUMMYFUNCTION("""COMPUTED_VALUE"""),"FullNameENG") -> FullNameENG | F4: =IFERROR(__xludf.DUMMYFUNCTION("""COMPUTED_VALUE"""),"PersonPrefix") -> PersonPrefix | G4: =IFERROR(__xludf.DUMMYFUNCTION("""COMPUTED_VALUE"""),"PersonFNameThai") -> PersonFNameThai | H4: =IFERROR(__xludf.DUMMYFUNCTION("""COMPUTED_VALUE"""),"PersonLNameThai") -> PersonLNameThai | I4: =IFERROR(__xludf.DUMMYFUNCTION("""COMPUTED_VALUE"""),"FullNameTHA") -> FullNameTHA | J4: =IFERROR(__xludf.DUMMYFUNCTION("""COMPUTED_VALUE"""),"Nick Name") -> Nick Name | K4: =IFERROR(__xludf.DUMMYFUNCTION("""COMPUTED_VALUE"""),"Position") -> Position | L4: =IFERROR(__xludf.DUMMYFUNCTION("""COMPUTED_VALUE"""),"Base") -> Base | M4: =IFERROR(__xludf.DUMMYFUNCTION("""COMPUTED_VALUE"""),"NEW HOME") -> NEW HOME | N4: =IFERROR(__xludf.DUMMYFUNCTION("""COMPUTED_VALUE"""),"WorkStatus") -> WorkStatus | O4: =IFERROR(__xludf.DUMMYFUNCTION("""COMPUTED_VALUE"""),"Special Title") -> Special Title | P4: =IFERROR(__xludf.DUMMYFUNCTION("""COMPUTED_VALUE"""),"DOB") -> DOB | Q4: =IFERROR(__xludf.DUMMYFUNCTION("""COMPUTED_VALUE"""),"PrimaryContact") -> PrimaryContact | R4: =IFERROR(__xludf.DUMMYFUNCTION("""COMPUTED_VALUE"""),"SocialSecurityID") -> SocialSecurityID | S4: =IFERROR(__xludf.DUMMYFUNCTION("""COMPUTED_VALUE"""),"Passport") -> Passport | T4: =IFERROR(__xludf.DUMMYFUNCTION("""COMPUTED_VALUE"""),"IssueDate") -> IssueDate | U4: =IFERROR(__xludf.DUMMYFUNCTION("""COMPUTED_VALUE"""),"ExpiryDate") -> ExpiryDate | V4: =IFERROR(__xludf.DUMMYFUNCTION("""COMPUTED_VALUE"""),"6 Months Exp. Alert") -> 6 Months Exp. Alert | W4: =IFERROR(__xludf.DUMMYFUNCTION("""COMPUTED_VALUE"""),"Alert Passport") -> Alert Passport | X4: =IFERROR(__xludf.DUMMYFUNCTION("""COMPUTED_VALUE"""),"PlaceOfBirth") -> PlaceOfBirth | Y4: =IFERROR(__xludf.DUMMYFUNCTION("""COMPUTED_VALUE"""),"Living Area") -> Living Area | Z4: =IFERROR(__xludf.DUMMYFUNCTION("""COMPUTED_VALUE"""),"EmergencyCall") -> EmergencyCall | AA4: =IFERROR(__xludf.DUMMYFUNCTION("""COMPUTED_VALUE"""),"PersonContact") -> PersonContact | AB4: =IFERROR(__xludf.DUMMYFUNCTION("""COMPUTED_VALUE"""),"EmailAddress") -> EmailAddress
A5: =IFERROR(__xludf.DUMMYFUNCTION("""COMPUTED_VALUE"""),1000224.0) -> 1000224 | B5: =IFERROR(__xludf.DUMMYFUNCTION("""COMPUTED_VALUE"""),"Mrs.") -> Mrs. | C5: =IFERROR(__xludf.DUMMYFUNCTION("""COMPUTED_VALUE"""),"Angkhana") -> Angkhana | D5: =IFERROR(__xludf.DUMMYFUNCTION("""COMPUTED_VALUE"""),"Juraiphong") -> Juraiphong | E5: =IFERROR(__xludf.DUMMYFUNCTION("""COMPUTED_VALUE"""),"Angkhana Juraiphong") -> Angkhana Juraiphong | F5: =IFERROR(__xludf.DUMMYFUNCTION("""COMPUTED_VALUE"""),"นางสาว") -> นางสาว | G5: =IFERROR(__xludf.DUMMYFUNCTION("""COMPUTED_VALUE"""),"อังคนา") -> อังคนา | H5: =IFERROR(__xludf.DUMMYFUNCTION("""COMPUTED_VALUE"""),"จุไรพงศ์") -> จุไรพงศ์ | I5: =IFERROR(__xludf.DUMMYFUNCTION("""COMPUTED_VALUE"""),"อังคนา จุไรพงศ์") -> อังคนา จุไรพงศ์ | J5: =IFERROR(__xludf.DUMMYFUNCTION("""COMPUTED_VALUE"""),"Poo") -> Poo | K5: =IFERROR(__xludf.DUMMYFUNCTION("""COMPUTED_VALUE"""),"Senior Cabin Crew") -> Senior Cabin Crew | L5: =IFERROR(__xludf.DUMMYFUNCTION("""COMPUTED_VALUE"""),"DMK") -> DMK | M5: =IFERROR(__xludf.DUMMYFUNCTION("""COMPUTED_VALUE"""),"Namfon Home") -> Namfon Home | N5: =IFERROR(__xludf.DUMMYFUNCTION("""COMPUTED_VALUE"""),"Active") -> Active | O5: =IFERROR(__xludf.DUMMYFUNCTION("""COMPUTED_VALUE"""),"SCC Line Checker 2025") -> SCC Line Checker 2025 | P5: =IFERROR(__xludf.DUMMYFUNCTION("""COMPUTED_VALUE"""),28406.0) -> 28406 | Q5: =IFERROR(__xludf.DUMMYFUNCTION("""COMPUTED_VALUE"""),"087 785 3961") -> 087 785 3961 | R5: =IFERROR(__xludf.DUMMYFUNCTION("""COMPUTED_VALUE"""),"3500900-60-5464") -> 3500900-60-5464 | S5: =IFERROR(__xludf.DUMMYFUNCTION("""COMPUTED_VALUE"""),"AC2669861") -> AC2669861 | T5: =IFERROR(__xludf.DUMMYFUNCTION("""COMPUTED_VALUE"""),45035.0) -> 45035 | U5: =IFERROR(__xludf.DUMMYFUNCTION("""COMPUTED_VALUE"""),48687.0) -> 48687 | V5: =IFERROR(__xludf.DUMMYFUNCTION("""COMPUTED_VALUE"""),48505.0) -> 48505 | W5: =IFERROR(__xludf.DUMMYFUNCTION("""COMPUTED_VALUE"""),"ปลอดภัย") -> ปลอดภัย | X5: =IFERROR(__xludf.DUMMYFUNCTION("""COMPUTED_VALUE"""),"Chiang Mai Province") -> Chiang Mai Province | Y5: =IFERROR(__xludf.DUMMYFUNCTION("""COMPUTED_VALUE"""),"ลาดปลาเค้า") -> ลาดปลาเค้า | Z5: =IFERROR(__xludf.DUMMYFUNCTION("""COMPUTED_VALUE"""),"087 779 9981") -> 087 779 9981 | AA5: =IFERROR(__xludf.DUMMYFUNCTION("""COMPUTED_VALUE"""),"สามี") -> สามี | AB5: =IFERROR(__xludf.DUMMYFUNCTION("""COMPUTED_VALUE"""),"angkhanaj@airasia.com") -> angkhanaj@airasia.com
A6: =IFERROR(__xludf.DUMMYFUNCTION("""COMPUTED_VALUE"""),1000229.0) -> 1000229 | B6: =IFERROR(__xludf.DUMMYFUNCTION("""COMPUTED_VALUE"""),"Ms.") -> Ms. | C6: =IFERROR(__xludf.DUMMYFUNCTION("""COMPUTED_VALUE"""),"Kunyarpast (Thalatchanan)") -> Kunyarpast (Thalatchanan) | D6: =IFERROR(__xludf.DUMMYFUNCTION("""COMPUTED_VALUE"""),"Toyingsirikul") -> Toyingsirikul | E6: =IFERROR(__xludf.DUMMYFUNCTION("""COMPUTED_VALUE"""),"Kunyarpast Toyingsirikul") -> Kunyarpast Toyingsirikul | F6: =IFERROR(__xludf.DUMMYFUNCTION("""COMPUTED_VALUE"""),"นางสาว") -> นางสาว | G6: =IFERROR(__xludf.DUMMYFUNCTION("""COMPUTED_VALUE"""),"กัญภัสสร์ (ถลัชนันท์)") -> กัญภัสสร์ (ถลัชนันท์) | H6: =IFERROR(__xludf.DUMMYFUNCTION("""COMPUTED_VALUE""")," โตยิ่งสิริกุล") -> โตยิ่งสิริกุล | I6: =IFERROR(__xludf.DUMMYFUNCTION("""COMPUTED_VALUE"""),"กัญภัสสร์ โตยิ่งสิริกุล") -> กัญภัสสร์ โตยิ่งสิริกุล | J6: =IFERROR(__xludf.DUMMYFUNCTION("""COMPUTED_VALUE"""),"TookTa") -> TookTa | K6: =IFERROR(__xludf.DUMMYFUNCTION("""COMPUTED_VALUE"""),"Cabin Crew Engagement Lead") -> Cabin Crew Engagement Lead | L6: =IFERROR(__xludf.DUMMYFUNCTION("""COMPUTED_VALUE"""),"DMK") -> DMK | M6: =IFERROR(__xludf.DUMMYFUNCTION("""COMPUTED_VALUE"""),"Ward Monitor") -> Ward Monitor | N6: =IFERROR(__xludf.DUMMYFUNCTION("""COMPUTED_VALUE"""),"CCEL") -> CCEL | P6: =IFERROR(__xludf.DUMMYFUNCTION("""COMPUTED_VALUE"""),28401.0) -> 28401 | Q6: =IFERROR(__xludf.DUMMYFUNCTION("""COMPUTED_VALUE"""),8.19004442E8) -> 819004442 | R6: =IFERROR(__xludf.DUMMYFUNCTION("""COMPUTED_VALUE"""),"3101500-08-2451") -> 3101500-08-2451 | S6: =IFERROR(__xludf.DUMMYFUNCTION("""COMPUTED_VALUE"""),"AD09607741") -> AD09607741 | T6: =IFERROR(__xludf.DUMMYFUNCTION("""COMPUTED_VALUE"""),44936.0) -> 44936 | U6: =IFERROR(__xludf.DUMMYFUNCTION("""COMPUTED_VALUE"""),48588.0) -> 48588 | V6: =IFERROR(__xludf.DUMMYFUNCTION("""COMPUTED_VALUE"""),48404.0) -> 48404 | W6: =IFERROR(__xludf.DUMMYFUNCTION("""COMPUTED_VALUE"""),"ปลอดภัย") -> ปลอดภัย | X6: =IFERROR(__xludf.DUMMYFUNCTION("""COMPUTED_VALUE"""),"Bangkok") -> Bangkok | Y6: =IFERROR(__xludf.DUMMYFUNCTION("""COMPUTED_VALUE"""),"ดอนเมือง") -> ดอนเมือง | Z6: =IFERROR(__xludf.DUMMYFUNCTION("""COMPUTED_VALUE"""),"081 401 6213") -> 081 401 6213 | AA6: =IFERROR(__xludf.DUMMYFUNCTION("""COMPUTED_VALUE"""),"พ่อ") -> พ่อ | AB6: =IFERROR(__xludf.DUMMYFUNCTION("""COMPUTED_VALUE"""),"kanyarpastt@airasia.com") -> kanyarpastt@airasia.com
AB7: =IFERROR(__xludf.DUMMYFUNCTION("""COMPUTED_VALUE"""),"")
A8: =IFERROR(__xludf.DUMMYFUNCTION("""COMPUTED_VALUE"""),1000233.0) -> 1000233 | B8: =IFERROR(__xludf.DUMMYFUNCTION("""COMPUTED_VALUE"""),"Ms.") -> Ms. | C8: =IFERROR(__xludf.DUMMYFUNCTION("""COMPUTED_VALUE"""),"Rawiga") -> Rawiga | D8: =IFERROR(__xludf.DUMMYFUNCTION("""COMPUTED_VALUE"""),"Kuawong") -> Kuawong | E8: =IFERROR(__xludf.DUMMYFUNCTION("""COMPUTED_VALUE"""),"Rawiga Kuawong") -> Rawiga Kuawong | F8: =IFERROR(__xludf.DUMMYFUNCTION("""COMPUTED_VALUE"""),"นางสาว") -> นางสาว | G8: =IFERROR(__xludf.DUMMYFUNCTION("""COMPUTED_VALUE"""),"รวิกา") -> รวิกา | H8: =IFERROR(__xludf.DUMMYFUNCTION("""COMPUTED_VALUE"""),"กัววงศ์") -> กัววงศ์ | I8: =IFERROR(__xludf.DUMMYFUNCTION("""COMPUTED_VALUE"""),"รวิกา กัววงศ์") -> รวิกา กัววงศ์ | J8: =IFERROR(__xludf.DUMMYFUNCTION("""COMPUTED_VALUE"""),"Aof") -> Aof | K8: =IFERROR(__xludf.DUMMYFUNCTION("""COMPUTED_VALUE"""),"Senior Cabin Crew") -> Senior Cabin Crew | L8: =IFERROR(__xludf.DUMMYFUNCTION("""COMPUTED_VALUE"""),"DMK") -> DMK | M8: =IFERROR(__xludf.DUMMYFUNCTION("""COMPUTED_VALUE"""),"Kor Home") -> Kor Home | N8: =IFERROR(__xludf.DUMMYFUNCTION("""COMPUTED_VALUE"""),"Active") -> Active | O8: =IFERROR(__xludf.DUMMYFUNCTION("""COMPUTED_VALUE"""),"SCC Line Checker 2025") -> SCC Line Checker 2025 | P8: =IFERROR(__xludf.DUMMYFUNCTION("""COMPUTED_VALUE"""),27377.0) -> 27377 | Q8: =IFERROR(__xludf.DUMMYFUNCTION("""COMPUTED_VALUE"""),"089 585 6556") -> 089 585 6556 | R8: =IFERROR(__xludf.DUMMYFUNCTION("""COMPUTED_VALUE"""),"3101600-62-7491") -> 3101600-62-7491 | S8: =IFERROR(__xludf.DUMMYFUNCTION("""COMPUTED_VALUE"""),"AC5654915") -> AC5654915 | T8: =IFERROR(__xludf.DUMMYFUNCTION("""COMPUTED_VALUE"""),45176.0) -> 45176 | U8: =IFERROR(__xludf.DUMMYFUNCTION("""COMPUTED_VALUE"""),48828.0) -> 48828 | V8: =IFERROR(__xludf.DUMMYFUNCTION("""COMPUTED_VALUE"""),48644.0) -> 48644 | W8: =IFERROR(__xludf.DUMMYFUNCTION("""COMPUTED_VALUE"""),"ปลอดภัย") -> ปลอดภัย | X8: =IFERROR(__xludf.DUMMYFUNCTION("""COMPUTED_VALUE"""),"Bangkok") -> Bangkok | Y8: =IFERROR(__xludf.DUMMYFUNCTION("""COMPUTED_VALUE"""),"ภูเก็ต") -> ภูเก็ต | Z8: =IFERROR(__xludf.DUMMYFUNCTION("""COMPUTED_VALUE"""),"! Update !") -> ! Update ! | AA8: =IFERROR(__xludf.DUMMYFUNCTION("""COMPUTED_VALUE"""),"! Update !") -> ! Update ! | AB8: =IFERROR(__xludf.DUMMYFUNCTION("""COMPUTED_VALUE"""),"rawigak@airasia.com") -> rawigak@airasia.com
A9: =IFERROR(__xludf.DUMMYFUNCTION("""COMPUTED_VALUE"""),1000240.0) -> 1000240 | B9: =IFERROR(__xludf.DUMMYFUNCTION("""COMPUTED_VALUE"""),"Mr.") -> Mr. | C9: =IFERROR(__xludf.DUMMYFUNCTION("""COMPUTED_VALUE"""),"Thanisorn") -> Thanisorn | D9: =IFERROR(__xludf.DUMMYFUNCTION("""COMPUTED_VALUE"""),"Lenavat") -> Lenavat | E9: =IFERROR(__xludf.DUMMYFUNCTION("""COMPUTED_VALUE"""),"Thanisorn Lenavat") -> Thanisorn Lenavat | F9: =IFERROR(__xludf.DUMMYFUNCTION("""COMPUTED_VALUE"""),"นาย") -> นาย | G9: =IFERROR(__xludf.DUMMYFUNCTION("""COMPUTED_VALUE"""),"ธนิสร") -> ธนิสร | H9: =IFERROR(__xludf.DUMMYFUNCTION("""COMPUTED_VALUE"""),"ลีนะวัต") -> ลีนะวัต | I9: =IFERROR(__xludf.DUMMYFUNCTION("""COMPUTED_VALUE"""),"ธนิสร ลีนะวัต") -> ธนิสร ลีนะวัต | J9: =IFERROR(__xludf.DUMMYFUNCTION("""COMPUTED_VALUE"""),"Um") -> Um | K9: =IFERROR(__xludf.DUMMYFUNCTION("""COMPUTED_VALUE"""),"Cabin Crew Engagement Lead") -> Cabin Crew Engagement Lead | L9: =IFERROR(__xludf.DUMMYFUNCTION("""COMPUTED_VALUE"""),"DMK") -> DMK | M9: =IFERROR(__xludf.DUMMYFUNCTION("""COMPUTED_VALUE"""),"Ward Monitor") -> Ward Monitor | N9: =IFERROR(__xludf.DUMMYFUNCTION("""COMPUTED_VALUE"""),"CCEL") -> CCEL | P9: =IFERROR(__xludf.DUMMYFUNCTION("""COMPUTED_VALUE"""),29005.0) -> 29005 | Q9: =IFERROR(__xludf.DUMMYFUNCTION("""COMPUTED_VALUE"""),"094 798 9241") -> 094 798 9241 | R9: =IFERROR(__xludf.DUMMYFUNCTION("""COMPUTED_VALUE"""),"3100903-50-7165") -> 3100903-50-7165 | S9: =IFERROR(__xludf.DUMMYFUNCTION("""COMPUTED_VALUE"""),"AC2253555") -> AC2253555 | T9: =IFERROR(__xludf.DUMMYFUNCTION("""COMPUTED_VALUE"""),44307.0) -> 44307 | U9: =IFERROR(__xludf.DUMMYFUNCTION("""COMPUTED_VALUE"""),47958.0) -> 47958 | V9: =IFERROR(__xludf.DUMMYFUNCTION("""COMPUTED_VALUE"""),47776.0) -> 47776 | W9: =IFERROR(__xludf.DUMMYFUNCTION("""COMPUTED_VALUE"""),"ปลอดภัย") -> ปลอดภัย | X9: =IFERROR(__xludf.DUMMYFUNCTION("""COMPUTED_VALUE"""),"Chiang Mai Province") -> Chiang Mai Province | Y9: =IFERROR(__xludf.DUMMYFUNCTION("""COMPUTED_VALUE"""),"บางนา") -> บางนา | Z9: =IFERROR(__xludf.DUMMYFUNCTION("""COMPUTED_VALUE"""),"02 396 1599") -> 02 396 1599 | AA9: =IFERROR(__xludf.DUMMYFUNCTION("""COMPUTED_VALUE"""),"บ้าน") -> บ้าน | AB9: =IFERROR(__xludf.DUMMYFUNCTION("""COMPUTED_VALUE"""),"thanisornl@airasia.com") -> thanisornl@airasia.com
G10: =IFERROR(__xludf.DUMMYFUNCTION("""COMPUTED_VALUE"""),"F") -> F | AB10: =IFERROR(__xludf.DUMMYFUNCTION("""COMPUTED_VALUE"""),"")
A11: =IFERROR(__xludf.DUMMYFUNCTION("""COMPUTED_VALUE"""),1000369.0) -> 1000369 | B11: =IFERROR(__xludf.DUMMYFUNCTION("""COMPUTED_VALUE"""),"Ms.") -> Ms. | C11: =IFERROR(__xludf.DUMMYFUNCTION("""COMPUTED_VALUE"""),"Bussayarangsri") -> Bussayarangsri | D11: =IFERROR(__xludf.DUMMYFUNCTION("""COMPUTED_VALUE"""),"Saringkaphaiboon") -> Saringkaphaiboon | E11: =IFERROR(__xludf.DUMMYFUNCTION("""COMPUTED_VALUE"""),"Bussayarangsri Saringkaphaiboon") -> Bussayarangsri Saringkaphaiboon | F11: =IFERROR(__xludf.DUMMYFUNCTION("""COMPUTED_VALUE"""),"นางสาว") -> นางสาว | G11: =IFERROR(__xludf.DUMMYFUNCTION("""COMPUTED_VALUE"""),"บุษยรังษี") -> บุษยรังษี | H11: =IFERROR(__xludf.DUMMYFUNCTION("""COMPUTED_VALUE"""),"ศฤงฆไพบูลย์") -> ศฤงฆไพบูลย์ | I11: =IFERROR(__xludf.DUMMYFUNCTION("""COMPUTED_VALUE"""),"บุษยรังษี ศฤงฆไพบูลย์") -> บุษยรังษี ศฤงฆไพบูลย์ | J11: =IFERROR(__xludf.DUMMYFUNCTION("""COMPUTED_VALUE"""),"Phueng") -> Phueng | K11: =IFERROR(__xludf.DUMMYFUNCTION("""COMPUTED_VALUE"""),"Senior Cabin Crew") -> Senior Cabin Crew | L11: =IFERROR(__xludf.DUMMYFUNCTION("""COMPUTED_VALUE"""),"DMK") -> DMK | M11: =IFERROR(__xludf.DUMMYFUNCTION("""COMPUTED_VALUE"""),"Por+ Home") -> Por+ Home | N11: =IFERROR(__xludf.DUMMYFUNCTION("""COMPUTED_VALUE"""),"Active") -> Active | O11: =IFERROR(__xludf.DUMMYFUNCTION("""COMPUTED_VALUE"""),"SCC Line Checker 2025") -> SCC Line Checker 2025 | P11: =IFERROR(__xludf.DUMMYFUNCTION("""COMPUTED_VALUE"""),24946.0) -> 24946 | Q11: =IFERROR(__xludf.DUMMYFUNCTION("""COMPUTED_VALUE"""),"081 867 8441") -> 081 867 8441 | R11: =IFERROR(__xludf.DUMMYFUNCTION("""COMPUTED_VALUE"""),"3101900-42-5975") -> 3101900-42-5975 | S11: =IFERROR(__xludf.DUMMYFUNCTION("""COMPUTED_VALUE"""),"AD1745030") -> AD1745030 | T11: =IFERROR(__xludf.DUMMYFUNCTION("""COMPUTED_VALUE"""),45439.0) -> 45439 | U11: =IFERROR(__xludf.DUMMYFUNCTION("""COMPUTED_VALUE"""),49090.0) -> 49090 | V11: =IFERROR(__xludf.DUMMYFUNCTION("""COMPUTED_VALUE"""),48909.0) -> 48909 | W11: =IFERROR(__xludf.DUMMYFUNCTION("""COMPUTED_VALUE"""),"ปลอดภัย") -> ปลอดภัย | X11: =IFERROR(__xludf.DUMMYFUNCTION("""COMPUTED_VALUE"""),"Bangkok") -> Bangkok | Y11: =IFERROR(__xludf.DUMMYFUNCTION("""COMPUTED_VALUE"""),"ตลิ่งชัน") -> ตลิ่งชัน | Z11: =IFERROR(__xludf.DUMMYFUNCTION("""COMPUTED_VALUE"""),"081 867 8408") -> 081 867 8408 | AA11: =IFERROR(__xludf.DUMMYFUNCTION("""COMPUTED_VALUE"""),"-") -> - | AB11: =IFERROR(__xludf.DUMMYFUNCTION("""COMPUTED_VALUE"""),"bussayarangsris@airasia.com") -> bussayarangsris@airasia.com
A12: =IFERROR(__xludf.DUMMYFUNCTION("""COMPUTED_VALUE"""),1000374.0) -> 1000374 | B12: =IFERROR(__xludf.DUMMYFUNCTION("""COMPUTED_VALUE"""),"Ms.") -> Ms. | C12: =IFERROR(__xludf.DUMMYFUNCTION("""COMPUTED_VALUE"""),"Onwijit") -> Onwijit | D12: =IFERROR(__xludf.DUMMYFUNCTION("""COMPUTED_VALUE"""),"Rinthaphol") -> Rinthaphol | E12: =IFERROR(__xludf.DUMMYFUNCTION("""COMPUTED_VALUE"""),"Onwijit Rinthaphol") -> Onwijit Rinthaphol | F12: =IFERROR(__xludf.DUMMYFUNCTION("""COMPUTED_VALUE"""),"นางสาว") -> นางสาว | G12: =IFERROR(__xludf.DUMMYFUNCTION("""COMPUTED_VALUE"""),"อรวิจิตร") -> อรวิจิตร | H12: =IFERROR(__xludf.DUMMYFUNCTION("""COMPUTED_VALUE"""),"รินทพล") -> รินทพล | I12: =IFERROR(__xludf.DUMMYFUNCTION("""COMPUTED_VALUE"""),"อรวิจิตร รินทพล") -> อรวิจิตร รินทพล | J12: =IFERROR(__xludf.DUMMYFUNCTION("""COMPUTED_VALUE"""),"Aon") -> Aon | K12: =IFERROR(__xludf.DUMMYFUNCTION("""COMPUTED_VALUE"""),"Senior Cabin Crew") -> Senior Cabin Crew | L12: =IFERROR(__xludf.DUMMYFUNCTION("""COMPUTED_VALUE"""),"DMK") -> DMK | M12: =IFERROR(__xludf.DUMMYFUNCTION("""COMPUTED_VALUE"""),"Por+ Home") -> Por+ Home | N12: =IFERROR(__xludf.DUMMYFUNCTION("""COMPUTED_VALUE"""),"Active") -> Active | P12: =IFERROR(__xludf.DUMMYFUNCTION("""COMPUTED_VALUE"""),28680.0) -> 28680 | Q12: =IFERROR(__xludf.DUMMYFUNCTION("""COMPUTED_VALUE"""),"081 205 1896") -> 081 205 1896 | R12: =IFERROR(__xludf.DUMMYFUNCTION("""COMPUTED_VALUE"""),"3120101-71-5971") -> 3120101-71-5971 | S12: =IFERROR(__xludf.DUMMYFUNCTION("""COMPUTED_VALUE"""),"AC3440289") -> AC3440289 | T12: =IFERROR(__xludf.DUMMYFUNCTION("""COMPUTED_VALUE"""),44739.0) -> 44739 | U12: =IFERROR(__xludf.DUMMYFUNCTION("""COMPUTED_VALUE"""),48391.0) -> 48391 | V12: =IFERROR(__xludf.DUMMYFUNCTION("""COMPUTED_VALUE"""),48208.0) -> 48208 | W12: =IFERROR(__xludf.DUMMYFUNCTION("""COMPUTED_VALUE"""),"ปลอดภัย") -> ปลอดภัย | X12: =IFERROR(__xludf.DUMMYFUNCTION("""COMPUTED_VALUE"""),"Bangkok") -> Bangkok | Y12: =IFERROR(__xludf.DUMMYFUNCTION("""COMPUTED_VALUE"""),"บางพลี") -> บางพลี | Z12: =IFERROR(__xludf.DUMMYFUNCTION("""COMPUTED_VALUE"""),"02 987 5045") -> 02 987 5045 | AA12: =IFERROR(__xludf.DUMMYFUNCTION("""COMPUTED_VALUE"""),"บ้าน") -> บ้าน | AB12: =IFERROR(__xludf.DUMMYFUNCTION("""COMPUTED_VALUE"""),"onwijitr@airasia.com") -> onwijitr@airasia.com
AB13: =IFERROR(__xludf.DUMMYFUNCTION("""COMPUTED_VALUE"""),"")
A14: =IFERROR(__xludf.DUMMYFUNCTION("""COMPUTED_VALUE"""),1000429.0) -> 1000429 | B14: =IFERROR(__xludf.DUMMYFUNCTION("""COMPUTED_VALUE"""),"Ms.") -> Ms. | C14: =IFERROR(__xludf.DUMMYFUNCTION("""COMPUTED_VALUE"""),"Thatchada") -> Thatchada | D14: =IFERROR(__xludf.DUMMYFUNCTION("""COMPUTED_VALUE"""),"Sakulthep") -> Sakulthep | E14: =IFERROR(__xludf.DUMMYFUNCTION("""COMPUTED_VALUE"""),"Thatchada Sakulthep") -> Thatchada Sakulthep | F14: =IFERROR(__xludf.DUMMYFUNCTION("""COMPUTED_VALUE"""),"นางสาว") -> นางสาว | G14: =IFERROR(__xludf.DUMMYFUNCTION("""COMPUTED_VALUE"""),"ธัชดา") -> ธัชดา | H14: =IFERROR(__xludf.DUMMYFUNCTION("""COMPUTED_VALUE"""),"สกุลเทพ") -> สกุลเทพ | I14: =IFERROR(__xludf.DUMMYFUNCTION("""COMPUTED_VALUE"""),"ธัชดา สกุลเทพ") -> ธัชดา สกุลเทพ | J14: =IFERROR(__xludf.DUMMYFUNCTION("""COMPUTED_VALUE"""),"Jah") -> Jah | K14: =IFERROR(__xludf.DUMMYFUNCTION("""COMPUTED_VALUE"""),"Senior Cabin Crew - HKT") -> Senior Cabin Crew - HKT | L14: =IFERROR(__xludf.DUMMYFUNCTION("""COMPUTED_VALUE"""),"HKT") -> HKT | M14: =IFERROR(__xludf.DUMMYFUNCTION("""COMPUTED_VALUE"""),"Kor Home") -> Kor Home | N14: =IFERROR(__xludf.DUMMYFUNCTION("""COMPUTED_VALUE"""),"Active") -> Active | P14: =IFERROR(__xludf.DUMMYFUNCTION("""COMPUTED_VALUE"""),29270.0) -> 29270 | Q14: =IFERROR(__xludf.DUMMYFUNCTION("""COMPUTED_VALUE"""),"081 424 6593") -> 081 424 6593 | R14: =IFERROR(__xludf.DUMMYFUNCTION("""COMPUTED_VALUE"""),"3830100-30-8462") -> 3830100-30-8462 | S14: =IFERROR(__xludf.DUMMYFUNCTION("""COMPUTED_VALUE"""),"AC7682414") -> AC7682414 | T14: =IFERROR(__xludf.DUMMYFUNCTION("""COMPUTED_VALUE"""),45817.0) -> 45817 | U14: =IFERROR(__xludf.DUMMYFUNCTION("""COMPUTED_VALUE"""),49468.0) -> 49468 | V14: =IFERROR(__xludf.DUMMYFUNCTION("""COMPUTED_VALUE"""),49286.0) -> 49286 | W14: =IFERROR(__xludf.DUMMYFUNCTION("""COMPUTED_VALUE"""),"ปลอดภัย") -> ปลอดภัย | X14: =IFERROR(__xludf.DUMMYFUNCTION("""COMPUTED_VALUE"""),"Bangkok") -> Bangkok | Y14: =IFERROR(__xludf.DUMMYFUNCTION("""COMPUTED_VALUE"""),"ลำลูกกา") -> ลำลูกกา | Z14: =IFERROR(__xludf.DUMMYFUNCTION("""COMPUTED_VALUE"""),"086 993 9131") -> 086 993 9131 | AA14: =IFERROR(__xludf.DUMMYFUNCTION("""COMPUTED_VALUE"""),"น้อง") -> น้อง | AB14: =IFERROR(__xludf.DUMMYFUNCTION("""COMPUTED_VALUE"""),"thatchadas@airasia.com") -> thatchadas@airasia.com
AB15: =IFERROR(__xludf.DUMMYFUNCTION("""COMPUTED_VALUE"""),"")
A16: =IFERROR(__xludf.DUMMYFUNCTION("""COMPUTED_VALUE"""),1000539.0) -> 1000539 | B16: =IFERROR(__xludf.DUMMYFUNCTION("""COMPUTED_VALUE"""),"Ms.") -> Ms. | C16: =IFERROR(__xludf.DUMMYFUNCTION("""COMPUTED_VALUE"""),"Nuttakarn") -> Nuttakarn | D16: =IFERROR(__xludf.DUMMYFUNCTION("""COMPUTED_VALUE"""),"Sirasarun") -> Sirasarun | E16: =IFERROR(__xludf.DUMMYFUNCTION("""COMPUTED_VALUE"""),"Nuttakarn Sirasarun") -> Nuttakarn Sirasarun | F16: =IFERROR(__xludf.DUMMYFUNCTION("""COMPUTED_VALUE"""),"นางสาว") -> นางสาว | G16: =IFERROR(__xludf.DUMMYFUNCTION("""COMPUTED_VALUE"""),"ณัฐกานต์") -> ณัฐกานต์ | H16: =IFERROR(__xludf.DUMMYFUNCTION("""COMPUTED_VALUE"""),"ศิรศรัณย์") -> ศิรศรัณย์ | I16: =IFERROR(__xludf.DUMMYFUNCTION("""COMPUTED_VALUE"""),"ณัฐกานต์ ศิรศรัณย์") -> ณัฐกานต์ ศิรศรัณย์ | J16: =IFERROR(__xludf.DUMMYFUNCTION("""COMPUTED_VALUE"""),"Pat") -> Pat | K16: =IFERROR(__xludf.DUMMYFUNCTION("""COMPUTED_VALUE"""),"Senior Cabin Crew") -> Senior Cabin Crew | L16: =IFERROR(__xludf.DUMMYFUNCTION("""COMPUTED_VALUE"""),"DMK") -> DMK | M16: =IFERROR(__xludf.DUMMYFUNCTION("""COMPUTED_VALUE"""),"Por+ Home") -> Por+ Home | N16: =IFERROR(__xludf.DUMMYFUNCTION("""COMPUTED_VALUE"""),"Active") -> Active | P16: =IFERROR(__xludf.DUMMYFUNCTION("""COMPUTED_VALUE"""),28380.0) -> 28380 | Q16: =IFERROR(__xludf.DUMMYFUNCTION("""COMPUTED_VALUE"""),"081 257 9557") -> 081 257 9557 | R16: =IFERROR(__xludf.DUMMYFUNCTION("""COMPUTED_VALUE"""),"3100502-39-1689") -> 3100502-39-1689 | S16: =IFERROR(__xludf.DUMMYFUNCTION("""COMPUTED_VALUE"""),"AD0607552") -> AD0607552 | T16: =IFERROR(__xludf.DUMMYFUNCTION("""COMPUTED_VALUE"""),44932.0) -> 44932 | U16: =IFERROR(__xludf.DUMMYFUNCTION("""COMPUTED_VALUE"""),48584.0) -> 48584 | V16: =IFERROR(__xludf.DUMMYFUNCTION("""COMPUTED_VALUE"""),48400.0) -> 48400 | W16: =IFERROR(__xludf.DUMMYFUNCTION("""COMPUTED_VALUE"""),"ปลอดภัย") -> ปลอดภัย | X16: =IFERROR(__xludf.DUMMYFUNCTION("""COMPUTED_VALUE"""),"Bangkok") -> Bangkok | Y16: =IFERROR(__xludf.DUMMYFUNCTION("""COMPUTED_VALUE"""),"ลาดพร้าว") -> ลาดพร้าว | Z16: =IFERROR(__xludf.DUMMYFUNCTION("""COMPUTED_VALUE"""),"084 323 4883") -> 084 323 4883 | AA16: =IFERROR(__xludf.DUMMYFUNCTION("""COMPUTED_VALUE"""),"สามี") -> สามี | AB16: =IFERROR(__xludf.DUMMYFUNCTION("""COMPUTED_VALUE"""),"nuttakarns@airasia.com") -> nuttakarns@airasia.com
AB17: =IFERROR(__xludf.DUMMYFUNCTION("""COMPUTED_VALUE"""),"")
A18: =IFERROR(__xludf.DUMMYFUNCTION("""COMPUTED_VALUE"""),1000636.0) -> 1000636 | B18: =IFERROR(__xludf.DUMMYFUNCTION("""COMPUTED_VALUE"""),"Ms.") -> Ms. | C18: =IFERROR(__xludf.DUMMYFUNCTION("""COMPUTED_VALUE"""),"Phitsita") -> Phitsita | D18: =IFERROR(__xludf.DUMMYFUNCTION("""COMPUTED_VALUE"""),"Tungasvasti") -> Tungasvasti | E18: =IFERROR(__xludf.DUMMYFUNCTION("""COMPUTED_VALUE"""),"Phitsita Tungasvasti") -> Phitsita Tungasvasti | F18: =IFERROR(__xludf.DUMMYFUNCTION("""COMPUTED_VALUE"""),"นางสาว") -> นางสาว | G18: =IFERROR(__xludf.DUMMYFUNCTION("""COMPUTED_VALUE"""),"พิชญ์สิตา") -> พิชญ์สิตา | H18: =IFERROR(__xludf.DUMMYFUNCTION("""COMPUTED_VALUE"""),"ตุงคสวัสดิ์") -> ตุงคสวัสดิ์ | I18: =IFERROR(__xludf.DUMMYFUNCTION("""COMPUTED_VALUE"""),"พิชญ์สิตา ตุงคสวัสดิ์") -> พิชญ์สิตา ตุงคสวัสดิ์ | J18: =IFERROR(__xludf.DUMMYFUNCTION("""COMPUTED_VALUE"""),"Gade") -> Gade | K18: =IFERROR(__xludf.DUMMYFUNCTION("""COMPUTED_VALUE"""),"Senior Cabin Crew - HKT") -> Senior Cabin Crew - HKT | L18: =IFERROR(__xludf.DUMMYFUNCTION("""COMPUTED_VALUE"""),"HKT") -> HKT | M18: =IFERROR(__xludf.DUMMYFUNCTION("""COMPUTED_VALUE"""),"Kor Home") -> Kor Home | N18: =IFERROR(__xludf.DUMMYFUNCTION("""COMPUTED_VALUE"""),"MATL") -> MATL | P18: =IFERROR(__xludf.DUMMYFUNCTION("""COMPUTED_VALUE"""),28629.0) -> 28629 | Q18: =IFERROR(__xludf.DUMMYFUNCTION("""COMPUTED_VALUE"""),"086 545 3263") -> 086 545 3263 | R18: =IFERROR(__xludf.DUMMYFUNCTION("""COMPUTED_VALUE"""),"3580400-03-0209") -> 3580400-03-0209 | S18: =IFERROR(__xludf.DUMMYFUNCTION("""COMPUTED_VALUE"""),"AC2829131") -> AC2829131 | T18: =IFERROR(__xludf.DUMMYFUNCTION("""COMPUTED_VALUE"""),44519.0) -> 44519 | U18: =IFERROR(__xludf.DUMMYFUNCTION("""COMPUTED_VALUE"""),48170.0) -> 48170 | V18: =IFERROR(__xludf.DUMMYFUNCTION("""COMPUTED_VALUE"""),47986.0) -> 47986 | W18: =IFERROR(__xludf.DUMMYFUNCTION("""COMPUTED_VALUE"""),"ปลอดภัย") -> ปลอดภัย | X18: =IFERROR(__xludf.DUMMYFUNCTION("""COMPUTED_VALUE"""),"Mae Hong Son Province") -> Mae Hong Son Province | Y18: =IFERROR(__xludf.DUMMYFUNCTION("""COMPUTED_VALUE"""),"บางกะปิ") -> บางกะปิ | Z18: =IFERROR(__xludf.DUMMYFUNCTION("""COMPUTED_VALUE"""),"082 550 5553") -> 082 550 5553 | AA18: =IFERROR(__xludf.DUMMYFUNCTION("""COMPUTED_VALUE"""),"แฟน") -> แฟน | AB18: =IFERROR(__xludf.DUMMYFUNCTION("""COMPUTED_VALUE"""),"phitsitat@airasia.com") -> phitsitat@airasia.com
AB19: =IFERROR(__xludf.DUMMYFUNCTION("""COMPUTED_VALUE"""),"")
A20: =IFERROR(__xludf.DUMMYFUNCTION("""COMPUTED_VALUE"""),1000675.0) -> 1000675 | B20: =IFERROR(__xludf.DUMMYFUNCTION("""COMPUTED_VALUE"""),"Ms.") -> Ms. | C20: =IFERROR(__xludf.DUMMYFUNCTION("""COMPUTED_VALUE"""),"Sivaporn") -> Sivaporn | D20: =IFERROR(__xludf.DUMMYFUNCTION("""COMPUTED_VALUE"""),"Limkanokrat") -> Limkanokrat | E20: =IFERROR(__xludf.DUMMYFUNCTION("""COMPUTED_VALUE"""),"Sivaporn Limkanokrat") -> Sivaporn Limkanokrat | F20: =IFERROR(__xludf.DUMMYFUNCTION("""COMPUTED_VALUE"""),"นางสาว") -> นางสาว | G20: =IFERROR(__xludf.DUMMYFUNCTION("""COMPUTED_VALUE"""),"ศิวาพร") -> ศิวาพร | H20: =IFERROR(__xludf.DUMMYFUNCTION("""COMPUTED_VALUE"""),"ลิ่มกนกรัตน์") -> ลิ่มกนกรัตน์ | I20: =IFERROR(__xludf.DUMMYFUNCTION("""COMPUTED_VALUE"""),"ศิวาพร ลิ่มกนกรัตน์") -> ศิวาพร ลิ่มกนกรัตน์ | J20: =IFERROR(__xludf.DUMMYFUNCTION("""COMPUTED_VALUE"""),"Earn") -> Earn | K20: =IFERROR(__xludf.DUMMYFUNCTION("""COMPUTED_VALUE"""),"Senior Cabin Crew") -> Senior Cabin Crew | L20: =IFERROR(__xludf.DUMMYFUNCTION("""COMPUTED_VALUE"""),"DMK") -> DMK | M20: =IFERROR(__xludf.DUMMYFUNCTION("""COMPUTED_VALUE"""),"Um Home") -> Um Home | N20: =IFERROR(__xludf.DUMMYFUNCTION("""COMPUTED_VALUE"""),"Active") -> Active | P20: =IFERROR(__xludf.DUMMYFUNCTION("""COMPUTED_VALUE"""),29150.0) -> 29150 | Q20: =IFERROR(__xludf.DUMMYFUNCTION("""COMPUTED_VALUE"""),"090 974 5040") -> 090 974 5040 | R20: =IFERROR(__xludf.DUMMYFUNCTION("""COMPUTED_VALUE"""),"3100602-25-9154") -> 3100602-25-9154 | S20: =IFERROR(__xludf.DUMMYFUNCTION("""COMPUTED_VALUE"""),"AC6813709") -> AC6813709 | T20: =IFERROR(__xludf.DUMMYFUNCTION("""COMPUTED_VALUE"""),45449.0) -> 45449 | U20: =IFERROR(__xludf.DUMMYFUNCTION("""COMPUTED_VALUE"""),49100.0) -> 49100 | V20: =IFERROR(__xludf.DUMMYFUNCTION("""COMPUTED_VALUE"""),48918.0) -> 48918 | W20: =IFERROR(__xludf.DUMMYFUNCTION("""COMPUTED_VALUE"""),"ปลอดภัย") -> ปลอดภัย | X20: =IFERROR(__xludf.DUMMYFUNCTION("""COMPUTED_VALUE"""),"Bangkok") -> Bangkok | Y20: =IFERROR(__xludf.DUMMYFUNCTION("""COMPUTED_VALUE"""),"นนทบุรี บางบัวทอง") -> นนทบุรี บางบัวทอง | Z20: =IFERROR(__xludf.DUMMYFUNCTION("""COMPUTED_VALUE"""),"02 7327010 9 # 602") -> 02 7327010 9 # 602 | AA20: =IFERROR(__xludf.DUMMYFUNCTION("""COMPUTED_VALUE"""),"หอพัก") -> หอพัก | AB20: =IFERROR(__xludf.DUMMYFUNCTION("""COMPUTED_VALUE"""),"sivapornl@airasia.com") -> sivapornl@airasia.com
A21: =IFERROR(__xludf.DUMMYFUNCTION("""COMPUTED_VALUE"""),1000678.0) -> 1000678 | B21: =IFERROR(__xludf.DUMMYFUNCTION("""COMPUTED_VALUE"""),"Mr.") -> Mr. | C21: =IFERROR(__xludf.DUMMYFUNCTION("""COMPUTED_VALUE"""),"Theppakorn") -> Theppakorn | D21: =IFERROR(__xludf.DUMMYFUNCTION("""COMPUTED_VALUE"""),"Chaichana") -> Chaichana | E21: =IFERROR(__xludf.DUMMYFUNCTION("""COMPUTED_VALUE"""),"Theppakorn Chaichana") -> Theppakorn Chaichana | F21: =IFERROR(__xludf.DUMMYFUNCTION("""COMPUTED_VALUE"""),"นาย") -> นาย | G21: =IFERROR(__xludf.DUMMYFUNCTION("""COMPUTED_VALUE"""),"เทพกร") -> เทพกร | H21: =IFERROR(__xludf.DUMMYFUNCTION("""COMPUTED_VALUE"""),"ไชยชนะ") -> ไชยชนะ | I21: =IFERROR(__xludf.DUMMYFUNCTION("""COMPUTED_VALUE"""),"เทพกร ไชยชนะ") -> เทพกร ไชยชนะ | J21: =IFERROR(__xludf.DUMMYFUNCTION("""COMPUTED_VALUE"""),"Tom") -> Tom | K21: =IFERROR(__xludf.DUMMYFUNCTION("""COMPUTED_VALUE"""),"Senior Cabin Crew - CNX") -> Senior Cabin Crew - CNX | L21: =IFERROR(__xludf.DUMMYFUNCTION("""COMPUTED_VALUE"""),"CNX") -> CNX | M21: =IFERROR(__xludf.DUMMYFUNCTION("""COMPUTED_VALUE"""),"Up Home") -> Up Home | N21: =IFERROR(__xludf.DUMMYFUNCTION("""COMPUTED_VALUE"""),"Active") -> Active | P21: =IFERROR(__xludf.DUMMYFUNCTION("""COMPUTED_VALUE"""),28357.0) -> 28357 | Q21: =IFERROR(__xludf.DUMMYFUNCTION("""COMPUTED_VALUE"""),"063 140 6781") -> 063 140 6781 | R21: =IFERROR(__xludf.DUMMYFUNCTION("""COMPUTED_VALUE"""),"3930300-14-8026") -> 3930300-14-8026 | S21: =IFERROR(__xludf.DUMMYFUNCTION("""COMPUTED_VALUE"""),"AC3633126") -> AC3633126 | T21: =IFERROR(__xludf.DUMMYFUNCTION("""COMPUTED_VALUE"""),44760.0) -> 44760 | U21: =IFERROR(__xludf.DUMMYFUNCTION("""COMPUTED_VALUE"""),48412.0) -> 48412 | V21: =IFERROR(__xludf.DUMMYFUNCTION("""COMPUTED_VALUE"""),48230.0) -> 48230 | W21: =IFERROR(__xludf.DUMMYFUNCTION("""COMPUTED_VALUE"""),"ปลอดภัย") -> ปลอดภัย | X21: =IFERROR(__xludf.DUMMYFUNCTION("""COMPUTED_VALUE"""),"Phatthalung Province") -> Phatthalung Province | Y21: =IFERROR(__xludf.DUMMYFUNCTION("""COMPUTED_VALUE"""),"ภูเก็ต") -> ภูเก็ต | Z21: =IFERROR(__xludf.DUMMYFUNCTION("""COMPUTED_VALUE"""),"086 296 5120 / 02 721 1327") -> 086 296 5120 / 02 721 1327 | AA21: =IFERROR(__xludf.DUMMYFUNCTION("""COMPUTED_VALUE"""),"พี่สาว") -> พี่สาว | AB21: =IFERROR(__xludf.DUMMYFUNCTION("""COMPUTED_VALUE"""),"theppakornc@airasia.com") -> theppakornc@airasia.com
D22: =IFERROR(__xludf.DUMMYFUNCTION("""COMPUTED_VALUE""")," ") | AB22: =IFERROR(__xludf.DUMMYFUNCTION("""COMPUTED_VALUE"""),"")
A23: =IFERROR(__xludf.DUMMYFUNCTION("""COMPUTED_VALUE"""),1000705.0) -> 1000705 | B23: =IFERROR(__xludf.DUMMYFUNCTION("""COMPUTED_VALUE"""),"Ms.") -> Ms. | C23: =IFERROR(__xludf.DUMMYFUNCTION("""COMPUTED_VALUE"""),"Avisada") -> Avisada | D23: =IFERROR(__xludf.DUMMYFUNCTION("""COMPUTED_VALUE"""),"Jirunyakul") -> Jirunyakul | E23: =IFERROR(__xludf.DUMMYFUNCTION("""COMPUTED_VALUE"""),"Avisada Jirunyakul") -> Avisada Jirunyakul | F23: =IFERROR(__xludf.DUMMYFUNCTION("""COMPUTED_VALUE"""),"นางสาว") -> นางสาว | G23: =IFERROR(__xludf.DUMMYFUNCTION("""COMPUTED_VALUE"""),"อาวิษฎา") -> อาวิษฎา | H23: =IFERROR(__xludf.DUMMYFUNCTION("""COMPUTED_VALUE"""),"จิรัญญกุล") -> จิรัญญกุล | I23: =IFERROR(__xludf.DUMMYFUNCTION("""COMPUTED_VALUE"""),"อาวิษฎา จิรัญญกุล") -> อาวิษฎา จิรัญญกุล | J23: =IFERROR(__xludf.DUMMYFUNCTION("""COMPUTED_VALUE"""),"Ae (Avy)") -> Ae (Avy) | K23: =IFERROR(__xludf.DUMMYFUNCTION("""COMPUTED_VALUE"""),"Senior Cabin Crew - BKK") -> Senior Cabin Crew - BKK | L23: =IFERROR(__xludf.DUMMYFUNCTION("""COMPUTED_VALUE"""),"BKK") -> BKK | M23: =IFERROR(__xludf.DUMMYFUNCTION("""COMPUTED_VALUE"""),"Nhui Home") -> Nhui Home | N23: =IFERROR(__xludf.DUMMYFUNCTION("""COMPUTED_VALUE"""),"Active") -> Active | O23: =IFERROR(__xludf.DUMMYFUNCTION("""COMPUTED_VALUE"""),"Chinese Speaking") -> Chinese Speaking | P23: =IFERROR(__xludf.DUMMYFUNCTION("""COMPUTED_VALUE"""),26107.0) -> 26107 | Q23: =IFERROR(__xludf.DUMMYFUNCTION("""COMPUTED_VALUE"""),"084 265 5962") -> 084 265 5962 | R23: =IFERROR(__xludf.DUMMYFUNCTION("""COMPUTED_VALUE"""),"3100400-12-7389") -> 3100400-12-7389 | S23: =IFERROR(__xludf.DUMMYFUNCTION("""COMPUTED_VALUE"""),"AC6240752") -> AC6240752 | T23: =IFERROR(__xludf.DUMMYFUNCTION("""COMPUTED_VALUE"""),45307.0) -> 45307 | U23: =IFERROR(__xludf.DUMMYFUNCTION("""COMPUTED_VALUE"""),48959.0) -> 48959 | V23: =IFERROR(__xludf.DUMMYFUNCTION("""COMPUTED_VALUE"""),48775.0) -> 48775 | W23: =IFERROR(__xludf.DUMMYFUNCTION("""COMPUTED_VALUE"""),"ปลอดภัย") -> ปลอดภัย | X23: =IFERROR(__xludf.DUMMYFUNCTION("""COMPUTED_VALUE"""),"Bangkok") -> Bangkok | Y23: =IFERROR(__xludf.DUMMYFUNCTION("""COMPUTED_VALUE"""),"ลาดกระบัง") -> ลาดกระบัง | Z23: =IFERROR(__xludf.DUMMYFUNCTION("""COMPUTED_VALUE"""),"081 909 1016") -> 081 909 1016 | AA23: =IFERROR(__xludf.DUMMYFUNCTION("""COMPUTED_VALUE"""),"ยาย") -> ยาย | AB23: =IFERROR(__xludf.DUMMYFUNCTION("""COMPUTED_VALUE"""),"avisadaj@airasia.com") -> avisadaj@airasia.com
A24: =IFERROR(__xludf.DUMMYFUNCTION("""COMPUTED_VALUE"""),1000707.0) -> 1000707 | B24: =IFERROR(__xludf.DUMMYFUNCTION("""COMPUTED_VALUE"""),"Ms.") -> Ms. | C24: =IFERROR(__xludf.DUMMYFUNCTION("""COMPUTED_VALUE"""),"Lucksnara (Anchalee)") -> Lucksnara (Anchalee) | D24: =IFERROR(__xludf.DUMMYFUNCTION("""COMPUTED_VALUE"""),"Sothiratviroj (Wongdama)") -> Sothiratviroj (Wongdama) | E24: =IFERROR(__xludf.DUMMYFUNCTION("""COMPUTED_VALUE"""),"Lucksnara Sothiratviroj") -> Lucksnara Sothiratviroj | F24: =IFERROR(__xludf.DUMMYFUNCTION("""COMPUTED_VALUE"""),"นางสาว") -> นางสาว | G24: =IFERROR(__xludf.DUMMYFUNCTION("""COMPUTED_VALUE"""),"ลักษณ์นารา") -> ลักษณ์นารา | H24: =IFERROR(__xludf.DUMMYFUNCTION("""COMPUTED_VALUE"""),"โสตถิรัตน์วิโรจน์") -> โสตถิรัตน์วิโรจน์ | I24: =IFERROR(__xludf.DUMMYFUNCTION("""COMPUTED_VALUE"""),"ลักษณ์นารา โสตถิรัตน์วิโรจน์") -> ลักษณ์นารา โสตถิรัตน์วิโรจน์ | J24: =IFERROR(__xludf.DUMMYFUNCTION("""COMPUTED_VALUE"""),"Yui") -> Yui | K24: =IFERROR(__xludf.DUMMYFUNCTION("""COMPUTED_VALUE"""),"Senior Cabin Crew - BKK") -> Senior Cabin Crew - BKK | L24: =IFERROR(__xludf.DUMMYFUNCTION("""COMPUTED_VALUE"""),"BKK") -> BKK | M24: =IFERROR(__xludf.DUMMYFUNCTION("""COMPUTED_VALUE"""),"Nhui Home") -> Nhui Home | N24: =IFERROR(__xludf.DUMMYFUNCTION("""COMPUTED_VALUE"""),"Active") -> Active | O24: =IFERROR(__xludf.DUMMYFUNCTION("""COMPUTED_VALUE"""),"Chinese Speaking") -> Chinese Speaking | P24: =IFERROR(__xludf.DUMMYFUNCTION("""COMPUTED_VALUE"""),29579.0) -> 29579 | Q24: =IFERROR(__xludf.DUMMYFUNCTION("""COMPUTED_VALUE"""),"089 812 3599") -> 089 812 3599 | R24: =IFERROR(__xludf.DUMMYFUNCTION("""COMPUTED_VALUE"""),"3100904-92-7206") -> 3100904-92-7206 | S24: =IFERROR(__xludf.DUMMYFUNCTION("""COMPUTED_VALUE"""),"AC3084523") -> AC3084523 | T24: =IFERROR(__xludf.DUMMYFUNCTION("""COMPUTED_VALUE"""),44686.0) -> 44686 | U24: =IFERROR(__xludf.DUMMYFUNCTION("""COMPUTED_VALUE"""),48338.0) -> 48338 | V24: =IFERROR(__xludf.DUMMYFUNCTION("""COMPUTED_VALUE"""),48156.0) -> 48156 | W24: =IFERROR(__xludf.DUMMYFUNCTION("""COMPUTED_VALUE"""),"ปลอดภัย") -> ปลอดภัย | X24: =IFERROR(__xludf.DUMMYFUNCTION("""COMPUTED_VALUE"""),"Bangkok") -> Bangkok | Y24: =IFERROR(__xludf.DUMMYFUNCTION("""COMPUTED_VALUE"""),"ลาดกระบัง") -> ลาดกระบัง | Z24: =IFERROR(__xludf.DUMMYFUNCTION("""COMPUTED_VALUE"""),"! Update !") -> ! Update ! | AA24: =IFERROR(__xludf.DUMMYFUNCTION("""COMPUTED_VALUE"""),"! Update !") -> ! Update ! | AB24: =IFERROR(__xludf.DUMMYFUNCTION("""COMPUTED_VALUE"""),"lucksnaras@airasia.com") -> lucksnaras@airasia.com
A25: =IFERROR(__xludf.DUMMYFUNCTION("""COMPUTED_VALUE"""),1000708.0) -> 1000708 | B25: =IFERROR(__xludf.DUMMYFUNCTION("""COMPUTED_VALUE"""),"Ms.") -> Ms. | C25: =IFERROR(__xludf.DUMMYFUNCTION("""COMPUTED_VALUE"""),"Panatda") -> Panatda | D25: =IFERROR(__xludf.DUMMYFUNCTION("""COMPUTED_VALUE"""),"Nawakitwiboon") -> Nawakitwiboon | E25: =IFERROR(__xludf.DUMMYFUNCTION("""COMPUTED_VALUE"""),"Panatda Nawakitwiboon") -> Panatda Nawakitwiboon | F25: =IFERROR(__xludf.DUMMYFUNCTION("""COMPUTED_VALUE"""),"นางสาว") -> นางสาว | G25: =IFERROR(__xludf.DUMMYFUNCTION("""COMPUTED_VALUE"""),"ปนัดดา") -> ปนัดดา | H25: =IFERROR(__xludf.DUMMYFUNCTION("""COMPUTED_VALUE"""),"นวกิจวิบูลย์") -> นวกิจวิบูลย์ | I25: =IFERROR(__xludf.DUMMYFUNCTION("""COMPUTED_VALUE"""),"ปนัดดา นวกิจวิบูลย์") -> ปนัดดา นวกิจวิบูลย์ | J25: =IFERROR(__xludf.DUMMYFUNCTION("""COMPUTED_VALUE"""),"Hiang") -> Hiang | K25: =IFERROR(__xludf.DUMMYFUNCTION("""COMPUTED_VALUE"""),"Senior Cabin Crew - BKK") -> Senior Cabin Crew - BKK | L25: =IFERROR(__xludf.DUMMYFUNCTION("""COMPUTED_VALUE"""),"BKK") -> BKK | M25: =IFERROR(__xludf.DUMMYFUNCTION("""COMPUTED_VALUE"""),"Nhui Home") -> Nhui Home | N25: =IFERROR(__xludf.DUMMYFUNCTION("""COMPUTED_VALUE"""),"Active/V/DMK") -> Active/V/DMK | O25: =IFERROR(__xludf.DUMMYFUNCTION("""COMPUTED_VALUE"""),"Chinese Speaking") -> Chinese Speaking | P25: =IFERROR(__xludf.DUMMYFUNCTION("""COMPUTED_VALUE"""),29671.0) -> 29671 | Q25: =IFERROR(__xludf.DUMMYFUNCTION("""COMPUTED_VALUE"""),"086 832 3883") -> 086 832 3883 | R25: =IFERROR(__xludf.DUMMYFUNCTION("""COMPUTED_VALUE"""),"3100600-84-8217") -> 3100600-84-8217 | S25: =IFERROR(__xludf.DUMMYFUNCTION("""COMPUTED_VALUE"""),"AC2663244") -> AC2663244 | T25: =IFERROR(__xludf.DUMMYFUNCTION("""COMPUTED_VALUE"""),44571.0) -> 44571 | U25: =IFERROR(__xludf.DUMMYFUNCTION("""COMPUTED_VALUE"""),48222.0) -> 48222 | V25: =IFERROR(__xludf.DUMMYFUNCTION("""COMPUTED_VALUE"""),48038.0) -> 48038 | W25: =IFERROR(__xludf.DUMMYFUNCTION("""COMPUTED_VALUE"""),"ปลอดภัย") -> ปลอดภัย | X25: =IFERROR(__xludf.DUMMYFUNCTION("""COMPUTED_VALUE"""),"Bangkok") -> Bangkok | Y25: =IFERROR(__xludf.DUMMYFUNCTION("""COMPUTED_VALUE"""),"สะพานสูง") -> สะพานสูง | Z25: =IFERROR(__xludf.DUMMYFUNCTION("""COMPUTED_VALUE"""),"084 111 3030") -> 084 111 3030 | AA25: =IFERROR(__xludf.DUMMYFUNCTION("""COMPUTED_VALUE"""),"เพื่อน") -> เพื่อน | AB25: =IFERROR(__xludf.DUMMYFUNCTION("""COMPUTED_VALUE"""),"panatdan@airasia.com") -> panatdan@airasia.com
A26: =IFERROR(__xludf.DUMMYFUNCTION("""COMPUTED_VALUE"""),1000709.0) -> 1000709 | B26: =IFERROR(__xludf.DUMMYFUNCTION("""COMPUTED_VALUE"""),"Mrs.") -> Mrs. | C26: =IFERROR(__xludf.DUMMYFUNCTION("""COMPUTED_VALUE"""),"Preeyaorn") -> Preeyaorn | D26: =IFERROR(__xludf.DUMMYFUNCTION("""COMPUTED_VALUE"""),"Robrou (Ingavanija)") -> Robrou (Ingavanija) | E26: =IFERROR(__xludf.DUMMYFUNCTION("""COMPUTED_VALUE"""),"Preeyaorn Robrou") -> Preeyaorn Robrou | F26: =IFERROR(__xludf.DUMMYFUNCTION("""COMPUTED_VALUE"""),"นาง") -> นาง | G26: =IFERROR(__xludf.DUMMYFUNCTION("""COMPUTED_VALUE"""),"ปรียาอร") -> ปรียาอร | H26: =IFERROR(__xludf.DUMMYFUNCTION("""COMPUTED_VALUE"""),"รอบรู้") -> รอบรู้ | I26: =IFERROR(__xludf.DUMMYFUNCTION("""COMPUTED_VALUE"""),"ปรียาอร รอบรู้") -> ปรียาอร รอบรู้ | J26: =IFERROR(__xludf.DUMMYFUNCTION("""COMPUTED_VALUE"""),"เหม้ย") -> เหม้ย | K26: =IFERROR(__xludf.DUMMYFUNCTION("""COMPUTED_VALUE"""),"Senior Cabin Crew - BKK") -> Senior Cabin Crew - BKK | L26: =IFERROR(__xludf.DUMMYFUNCTION("""COMPUTED_VALUE"""),"BKK") -> BKK | M26: =IFERROR(__xludf.DUMMYFUNCTION("""COMPUTED_VALUE"""),"Nhui Home") -> Nhui Home | N26: =IFERROR(__xludf.DUMMYFUNCTION("""COMPUTED_VALUE"""),"Active") -> Active | O26: =IFERROR(__xludf.DUMMYFUNCTION("""COMPUTED_VALUE"""),"Chinese Speaking") -> Chinese Speaking | P26: =IFERROR(__xludf.DUMMYFUNCTION("""COMPUTED_VALUE"""),30424.0) -> 30424 | Q26: =IFERROR(__xludf.DUMMYFUNCTION("""COMPUTED_VALUE"""),"081 732 8932") -> 081 732 8932 | R26: =IFERROR(__xludf.DUMMYFUNCTION("""COMPUTED_VALUE"""),"3101501-49-3641") -> 3101501-49-3641 | S26: =IFERROR(__xludf.DUMMYFUNCTION("""COMPUTED_VALUE"""),"AC2368643") -> AC2368643 | T26: =IFERROR(__xludf.DUMMYFUNCTION("""COMPUTED_VALUE"""),44287.0) -> 44287 | U26: =IFERROR(__xludf.DUMMYFUNCTION("""COMPUTED_VALUE"""),47938.0) -> 47938 | V26: =IFERROR(__xludf.DUMMYFUNCTION("""COMPUTED_VALUE"""),47756.0) -> 47756 | W26: =IFERROR(__xludf.DUMMYFUNCTION("""COMPUTED_VALUE"""),"ปลอดภัย") -> ปลอดภัย | X26: =IFERROR(__xludf.DUMMYFUNCTION("""COMPUTED_VALUE"""),"Bangkok") -> Bangkok | Y26: =IFERROR(__xludf.DUMMYFUNCTION("""COMPUTED_VALUE"""),"ชลบุรี") -> ชลบุรี | Z26: =IFERROR(__xludf.DUMMYFUNCTION("""COMPUTED_VALUE"""),"02 466 7024") -> 02 466 7024 | AA26: =IFERROR(__xludf.DUMMYFUNCTION("""COMPUTED_VALUE"""),"บ้าน") -> บ้าน | AB26: =IFERROR(__xludf.DUMMYFUNCTION("""COMPUTED_VALUE"""),"preeyaornr@airasia.com") -> preeyaornr@airasia.com
AB27: =IFERROR(__xludf.DUMMYFUNCTION("""COMPUTED_VALUE"""),"")
A28: =IFERROR(__xludf.DUMMYFUNCTION("""COMPUTED_VALUE"""),1000735.0) -> 1000735 | B28: =IFERROR(__xludf.DUMMYFUNCTION("""COMPUTED_VALUE"""),"Ms.") -> Ms. | C28: =IFERROR(__xludf.DUMMYFUNCTION("""COMPUTED_VALUE"""),"Darunee") -> Darunee | D28: =IFERROR(__xludf.DUMMYFUNCTION("""COMPUTED_VALUE"""),"Duangdara") -> Duangdara | E28: =IFERROR(__xludf.DUMMYFUNCTION("""COMPUTED_VALUE"""),"Darunee Duangdara") -> Darunee Duangdara | F28: =IFERROR(__xludf.DUMMYFUNCTION("""COMPUTED_VALUE"""),"นางสาว") -> นางสาว | G28: =IFERROR(__xludf.DUMMYFUNCTION("""COMPUTED_VALUE"""),"ดรุณี") -> ดรุณี | H28: =IFERROR(__xludf.DUMMYFUNCTION("""COMPUTED_VALUE"""),"ดวงดารา") -> ดวงดารา | I28: =IFERROR(__xludf.DUMMYFUNCTION("""COMPUTED_VALUE"""),"ดรุณี ดวงดารา") -> ดรุณี ดวงดารา | J28: =IFERROR(__xludf.DUMMYFUNCTION("""COMPUTED_VALUE"""),"Tom") -> Tom | K28: =IFERROR(__xludf.DUMMYFUNCTION("""COMPUTED_VALUE"""),"Senior Cabin Crew") -> Senior Cabin Crew | L28: =IFERROR(__xludf.DUMMYFUNCTION("""COMPUTED_VALUE"""),"DMK") -> DMK | M28: =IFERROR(__xludf.DUMMYFUNCTION("""COMPUTED_VALUE"""),"Namfon Home") -> Namfon Home | N28: =IFERROR(__xludf.DUMMYFUNCTION("""COMPUTED_VALUE"""),"Active") -> Active | P28: =IFERROR(__xludf.DUMMYFUNCTION("""COMPUTED_VALUE"""),29567.0) -> 29567 | Q28: =IFERROR(__xludf.DUMMYFUNCTION("""COMPUTED_VALUE"""),"089 792 3957") -> 089 792 3957 | R28: =IFERROR(__xludf.DUMMYFUNCTION("""COMPUTED_VALUE"""),"5102000-06-4442") -> 5102000-06-4442 | S28: =IFERROR(__xludf.DUMMYFUNCTION("""COMPUTED_VALUE"""),"AC3752628") -> AC3752628 | T28: =IFERROR(__xludf.DUMMYFUNCTION("""COMPUTED_VALUE"""),44781.0) -> 44781 | U28: =IFERROR(__xludf.DUMMYFUNCTION("""COMPUTED_VALUE"""),48433.0) -> 48433 | V28: =IFERROR(__xludf.DUMMYFUNCTION("""COMPUTED_VALUE"""),48251.0) -> 48251 | W28: =IFERROR(__xludf.DUMMYFUNCTION("""COMPUTED_VALUE"""),"ปลอดภัย") -> ปลอดภัย | X28: =IFERROR(__xludf.DUMMYFUNCTION("""COMPUTED_VALUE"""),"Bangkok") -> Bangkok | Y28: =IFERROR(__xludf.DUMMYFUNCTION("""COMPUTED_VALUE"""),"สายไหม") -> สายไหม | Z28: =IFERROR(__xludf.DUMMYFUNCTION("""COMPUTED_VALUE"""),"02 281 4243") -> 02 281 4243 | AA28: =IFERROR(__xludf.DUMMYFUNCTION("""COMPUTED_VALUE"""),"บ้าน") -> บ้าน | AB28: =IFERROR(__xludf.DUMMYFUNCTION("""COMPUTED_VALUE"""),"daruneed@airasia.com") -> daruneed@airasia.com
A29: =IFERROR(__xludf.DUMMYFUNCTION("""COMPUTED_VALUE"""),1000736.0) -> 1000736 | B29: =IFERROR(__xludf.DUMMYFUNCTION("""COMPUTED_VALUE"""),"Mr.") -> Mr. | C29: =IFERROR(__xludf.DUMMYFUNCTION("""COMPUTED_VALUE"""),"Ekkachai") -> Ekkachai | D29: =IFERROR(__xludf.DUMMYFUNCTION("""COMPUTED_VALUE"""),"Moolla") -> Moolla | E29: =IFERROR(__xludf.DUMMYFUNCTION("""COMPUTED_VALUE"""),"Ekkachai Moolla") -> Ekkachai Moolla | F29: =IFERROR(__xludf.DUMMYFUNCTION("""COMPUTED_VALUE"""),"นาย") -> นาย | G29: =IFERROR(__xludf.DUMMYFUNCTION("""COMPUTED_VALUE"""),"เอกชัย") -> เอกชัย | H29: =IFERROR(__xludf.DUMMYFUNCTION("""COMPUTED_VALUE"""),"มูลหล้า") -> มูลหล้า | I29: =IFERROR(__xludf.DUMMYFUNCTION("""COMPUTED_VALUE"""),"เอกชัย มูลหล้า") -> เอกชัย มูลหล้า | J29: =IFERROR(__xludf.DUMMYFUNCTION("""COMPUTED_VALUE"""),"Ake (Akeky)") -> Ake (Akeky) | K29: =IFERROR(__xludf.DUMMYFUNCTION("""COMPUTED_VALUE"""),"Senior Cabin Crew") -> Senior Cabin Crew | L29: =IFERROR(__xludf.DUMMYFUNCTION("""COMPUTED_VALUE"""),"DMK") -> DMK | M29: =IFERROR(__xludf.DUMMYFUNCTION("""COMPUTED_VALUE"""),"Kor Home") -> Kor Home | N29: =IFERROR(__xludf.DUMMYFUNCTION("""COMPUTED_VALUE"""),"Active") -> Active | P29: =IFERROR(__xludf.DUMMYFUNCTION("""COMPUTED_VALUE"""),28680.0) -> 28680 | Q29: =IFERROR(__xludf.DUMMYFUNCTION("""COMPUTED_VALUE"""),"093-578-8717") -> 093-578-8717 | R29: =IFERROR(__xludf.DUMMYFUNCTION("""COMPUTED_VALUE"""),"3420800-18-9605") -> 3420800-18-9605 | S29: =IFERROR(__xludf.DUMMYFUNCTION("""COMPUTED_VALUE"""),"AC2601358") -> AC2601358 | T29: =IFERROR(__xludf.DUMMYFUNCTION("""COMPUTED_VALUE"""),44898.0) -> 44898 | U29: =IFERROR(__xludf.DUMMYFUNCTION("""COMPUTED_VALUE"""),48184.0) -> 48184 | V29: =IFERROR(__xludf.DUMMYFUNCTION("""COMPUTED_VALUE"""),48001.0) -> 48001 | W29: =IFERROR(__xludf.DUMMYFUNCTION("""COMPUTED_VALUE"""),"ปลอดภัย") -> ปลอดภัย | X29: =IFERROR(__xludf.DUMMYFUNCTION("""COMPUTED_VALUE"""),"Loei Province") -> Loei Province | Y29: =IFERROR(__xludf.DUMMYFUNCTION("""COMPUTED_VALUE"""),"จตุจักร") -> จตุจักร | Z29: =IFERROR(__xludf.DUMMYFUNCTION("""COMPUTED_VALUE"""),"02 938 2587") -> 02 938 2587 | AA29: =IFERROR(__xludf.DUMMYFUNCTION("""COMPUTED_VALUE"""),"บ้าน") -> บ้าน | AB29: =IFERROR(__xludf.DUMMYFUNCTION("""COMPUTED_VALUE"""),"ekkachaim@airasia.com") -> ekkachaim@airasia.com
A30: =IFERROR(__xludf.DUMMYFUNCTION("""COMPUTED_VALUE"""),1000737.0) -> 1000737 | B30: =IFERROR(__xludf.DUMMYFUNCTION("""COMPUTED_VALUE"""),"Mr.") -> Mr. | C30: =IFERROR(__xludf.DUMMYFUNCTION("""COMPUTED_VALUE"""),"Pathomporn") -> Pathomporn | D30: =IFERROR(__xludf.DUMMYFUNCTION("""COMPUTED_VALUE"""),"Sukanthong") -> Sukanthong | E30: =IFERROR(__xludf.DUMMYFUNCTION("""COMPUTED_VALUE"""),"Pathomporn Sukanthong") -> Pathomporn Sukanthong | F30: =IFERROR(__xludf.DUMMYFUNCTION("""COMPUTED_VALUE"""),"นาย") -> นาย | G30: =IFERROR(__xludf.DUMMYFUNCTION("""COMPUTED_VALUE"""),"ปฐมพร") -> ปฐมพร | H30: =IFERROR(__xludf.DUMMYFUNCTION("""COMPUTED_VALUE"""),"สุขันทอง") -> สุขันทอง | I30: =IFERROR(__xludf.DUMMYFUNCTION("""COMPUTED_VALUE"""),"ปฐมพร สุขันทอง") -> ปฐมพร สุขันทอง | J30: =IFERROR(__xludf.DUMMYFUNCTION("""COMPUTED_VALUE"""),"Jacky") -> Jacky | K30: =IFERROR(__xludf.DUMMYFUNCTION("""COMPUTED_VALUE"""),"Senior Cabin Crew") -> Senior Cabin Crew | L30: =IFERROR(__xludf.DUMMYFUNCTION("""COMPUTED_VALUE"""),"DMK") -> DMK | M30: =IFERROR(__xludf.DUMMYFUNCTION("""COMPUTED_VALUE"""),"Por+ Home") -> Por+ Home | N30: =IFERROR(__xludf.DUMMYFUNCTION("""COMPUTED_VALUE"""),"Active") -> Active | P30: =IFERROR(__xludf.DUMMYFUNCTION("""COMPUTED_VALUE"""),30221.0) -> 30221 | Q30: =IFERROR(__xludf.DUMMYFUNCTION("""COMPUTED_VALUE"""),"095-997-8946") -> 095-997-8946 | R30: =IFERROR(__xludf.DUMMYFUNCTION("""COMPUTED_VALUE"""),"3100602-80-6511") -> 3100602-80-6511 | S30: =IFERROR(__xludf.DUMMYFUNCTION("""COMPUTED_VALUE"""),"AC2961992") -> AC2961992 | T30: =IFERROR(__xludf.DUMMYFUNCTION("""COMPUTED_VALUE"""),44641.0) -> 44641 | U30: =IFERROR(__xludf.DUMMYFUNCTION("""COMPUTED_VALUE"""),48293.0) -> 48293 | V30: =IFERROR(__xludf.DUMMYFUNCTION("""COMPUTED_VALUE"""),48111.0) -> 48111 | W30: =IFERROR(__xludf.DUMMYFUNCTION("""COMPUTED_VALUE"""),"ปลอดภัย") -> ปลอดภัย | X30: =IFERROR(__xludf.DUMMYFUNCTION("""COMPUTED_VALUE"""),"Bangkok") -> Bangkok | Y30: =IFERROR(__xludf.DUMMYFUNCTION("""COMPUTED_VALUE"""),"วังทองหลาง") -> วังทองหลาง | Z30: =IFERROR(__xludf.DUMMYFUNCTION("""COMPUTED_VALUE"""),"081 336 7954") -> 081 336 7954 | AA30: =IFERROR(__xludf.DUMMYFUNCTION("""COMPUTED_VALUE"""),"แม่") -> แม่ | AB30: =IFERROR(__xludf.DUMMYFUNCTION("""COMPUTED_VALUE"""),"pathomporns@airasia.com") -> pathomporns@airasia.com
A31: =IFERROR(__xludf.DUMMYFUNCTION("""COMPUTED_VALUE"""),1000738.0) -> 1000738 | B31: =IFERROR(__xludf.DUMMYFUNCTION("""COMPUTED_VALUE"""),"Mr.") -> Mr. | C31: =IFERROR(__xludf.DUMMYFUNCTION("""COMPUTED_VALUE"""),"Sompoach") -> Sompoach | D31: =IFERROR(__xludf.DUMMYFUNCTION("""COMPUTED_VALUE"""),"Tahsu") -> Tahsu | E31: =IFERROR(__xludf.DUMMYFUNCTION("""COMPUTED_VALUE"""),"Sompoach Tahsu") -> Sompoach Tahsu | F31: =IFERROR(__xludf.DUMMYFUNCTION("""COMPUTED_VALUE"""),"นาย") -> นาย | G31: =IFERROR(__xludf.DUMMYFUNCTION("""COMPUTED_VALUE"""),"สมโภช") -> สมโภช | H31: =IFERROR(__xludf.DUMMYFUNCTION("""COMPUTED_VALUE"""),"ต๊ะสุ") -> ต๊ะสุ | I31: =IFERROR(__xludf.DUMMYFUNCTION("""COMPUTED_VALUE"""),"สมโภช ต๊ะสุ") -> สมโภช ต๊ะสุ | J31: =IFERROR(__xludf.DUMMYFUNCTION("""COMPUTED_VALUE"""),"Tah") -> Tah | K31: =IFERROR(__xludf.DUMMYFUNCTION("""COMPUTED_VALUE"""),"Senior Cabin Crew - CNX") -> Senior Cabin Crew - CNX | L31: =IFERROR(__xludf.DUMMYFUNCTION("""COMPUTED_VALUE"""),"CNX") -> CNX | M31: =IFERROR(__xludf.DUMMYFUNCTION("""COMPUTED_VALUE"""),"Up Home") -> Up Home | N31: =IFERROR(__xludf.DUMMYFUNCTION("""COMPUTED_VALUE"""),"Active") -> Active | P31: =IFERROR(__xludf.DUMMYFUNCTION("""COMPUTED_VALUE"""),29128.0) -> 29128 | Q31: =IFERROR(__xludf.DUMMYFUNCTION("""COMPUTED_VALUE"""),"083-017-2462") -> 083-017-2462 | R31: =IFERROR(__xludf.DUMMYFUNCTION("""COMPUTED_VALUE"""),"3630600-03-2034") -> 3630600-03-2034 | S31: =IFERROR(__xludf.DUMMYFUNCTION("""COMPUTED_VALUE"""),"AC5943984") -> AC5943984 | T31: =IFERROR(__xludf.DUMMYFUNCTION("""COMPUTED_VALUE"""),45245.0) -> 45245 | U31: =IFERROR(__xludf.DUMMYFUNCTION("""COMPUTED_VALUE"""),48897.0) -> 48897 | V31: =IFERROR(__xludf.DUMMYFUNCTION("""COMPUTED_VALUE"""),48713.0) -> 48713 | W31: =IFERROR(__xludf.DUMMYFUNCTION("""COMPUTED_VALUE"""),"ปลอดภัย") -> ปลอดภัย | X31: =IFERROR(__xludf.DUMMYFUNCTION("""COMPUTED_VALUE"""),"Tak Province") -> Tak Province | Y31: =IFERROR(__xludf.DUMMYFUNCTION("""COMPUTED_VALUE"""),"ชิดลม") -> ชิดลม | Z31: =IFERROR(__xludf.DUMMYFUNCTION("""COMPUTED_VALUE"""),"087 851 6060") -> 087 851 6060 | AA31: =IFERROR(__xludf.DUMMYFUNCTION("""COMPUTED_VALUE"""),"พ่อ") -> พ่อ | AB31: =IFERROR(__xludf.DUMMYFUNCTION("""COMPUTED_VALUE"""),"sompoacht@airasia.com") -> sompoacht@airasia.com
AB32: =IFERROR(__xludf.DUMMYFUNCTION("""COMPUTED_VALUE"""),"")
A33: =IFERROR(__xludf.DUMMYFUNCTION("""COMPUTED_VALUE"""),1001082.0) -> 1001082 | B33: =IFERROR(__xludf.DUMMYFUNCTION("""COMPUTED_VALUE"""),"Mr.") -> Mr. | C33: =IFERROR(__xludf.DUMMYFUNCTION("""COMPUTED_VALUE"""),"Pobsaran") -> Pobsaran | D33: =IFERROR(__xludf.DUMMYFUNCTION("""COMPUTED_VALUE"""),"Chantaratim") -> Chantaratim | E33: =IFERROR(__xludf.DUMMYFUNCTION("""COMPUTED_VALUE"""),"Pobsaran Chantaratim") -> Pobsaran Chantaratim | F33: =IFERROR(__xludf.DUMMYFUNCTION("""COMPUTED_VALUE"""),"นาย") -> นาย | G33: =IFERROR(__xludf.DUMMYFUNCTION("""COMPUTED_VALUE"""),"ภพศรันย์") -> ภพศรันย์ | H33: =IFERROR(__xludf.DUMMYFUNCTION("""COMPUTED_VALUE"""),"จันทรทิม") -> จันทรทิม | I33: =IFERROR(__xludf.DUMMYFUNCTION("""COMPUTED_VALUE"""),"ภพศรันย์ จันทรทิม") -> ภพศรันย์ จันทรทิม | J33: =IFERROR(__xludf.DUMMYFUNCTION("""COMPUTED_VALUE"""),"Pob") -> Pob | K33: =IFERROR(__xludf.DUMMYFUNCTION("""COMPUTED_VALUE"""),"Senior Cabin Crew") -> Senior Cabin Crew | L33: =IFERROR(__xludf.DUMMYFUNCTION("""COMPUTED_VALUE"""),"DMK") -> DMK | M33: =IFERROR(__xludf.DUMMYFUNCTION("""COMPUTED_VALUE"""),"Namfon Home") -> Namfon Home | N33: =IFERROR(__xludf.DUMMYFUNCTION("""COMPUTED_VALUE"""),"Active") -> Active | P33: =IFERROR(__xludf.DUMMYFUNCTION("""COMPUTED_VALUE"""),29045.0) -> 29045 | Q33: =IFERROR(__xludf.DUMMYFUNCTION("""COMPUTED_VALUE"""),"083 686 3270") -> 083 686 3270 | R33: =IFERROR(__xludf.DUMMYFUNCTION("""COMPUTED_VALUE"""),"3149900-45-3020") -> 3149900-45-3020 | S33: =IFERROR(__xludf.DUMMYFUNCTION("""COMPUTED_VALUE"""),"AD2125784") -> AD2125784 | T33: =IFERROR(__xludf.DUMMYFUNCTION("""COMPUTED_VALUE"""),45755.0) -> 45755 | U33: =IFERROR(__xludf.DUMMYFUNCTION("""COMPUTED_VALUE"""),49406.0) -> 49406 | V33: =IFERROR(__xludf.DUMMYFUNCTION("""COMPUTED_VALUE"""),49224.0) -> 49224 | W33: =IFERROR(__xludf.DUMMYFUNCTION("""COMPUTED_VALUE"""),"ปลอดภัย") -> ปลอดภัย | X33: =IFERROR(__xludf.DUMMYFUNCTION("""COMPUTED_VALUE"""),"Bangkok") -> Bangkok | Y33: =IFERROR(__xludf.DUMMYFUNCTION("""COMPUTED_VALUE"""),"แจ้งวัฒนะ") -> แจ้งวัฒนะ | Z33: =IFERROR(__xludf.DUMMYFUNCTION("""COMPUTED_VALUE"""),"081 306 6449") -> 081 306 6449 | AA33: =IFERROR(__xludf.DUMMYFUNCTION("""COMPUTED_VALUE"""),"พ่อ") -> พ่อ | AB33: =IFERROR(__xludf.DUMMYFUNCTION("""COMPUTED_VALUE"""),"pobsaranc@airasia.com") -> pobsaranc@airasia.com
A34: =IFERROR(__xludf.DUMMYFUNCTION("""COMPUTED_VALUE"""),1001083.0) -> 1001083 | B34: =IFERROR(__xludf.DUMMYFUNCTION("""COMPUTED_VALUE"""),"Ms.") -> Ms. | C34: =IFERROR(__xludf.DUMMYFUNCTION("""COMPUTED_VALUE"""),"Patchteerat (Pongsupa)") -> Patchteerat (Pongsupa) | D34: =IFERROR(__xludf.DUMMYFUNCTION("""COMPUTED_VALUE"""),"Pongsamart") -> Pongsamart | E34: =IFERROR(__xludf.DUMMYFUNCTION("""COMPUTED_VALUE"""),"Patchteerat Pongsamart") -> Patchteerat Pongsamart | F34: =IFERROR(__xludf.DUMMYFUNCTION("""COMPUTED_VALUE"""),"นางสาว") -> นางสาว | G34: =IFERROR(__xludf.DUMMYFUNCTION("""COMPUTED_VALUE"""),"พัชร์ธีรัตน์ (พงษ์สุภา)") -> พัชร์ธีรัตน์ (พงษ์สุภา) | H34: =IFERROR(__xludf.DUMMYFUNCTION("""COMPUTED_VALUE"""),"พงษ์สามารถ") -> พงษ์สามารถ | I34: =IFERROR(__xludf.DUMMYFUNCTION("""COMPUTED_VALUE"""),"พัชร์ธีรัตน์ พงษ์สามารถ") -> พัชร์ธีรัตน์ พงษ์สามารถ | J34: =IFERROR(__xludf.DUMMYFUNCTION("""COMPUTED_VALUE"""),"Pat") -> Pat | K34: =IFERROR(__xludf.DUMMYFUNCTION("""COMPUTED_VALUE"""),"Senior Cabin Crew") -> Senior Cabin Crew | L34: =IFERROR(__xludf.DUMMYFUNCTION("""COMPUTED_VALUE"""),"DMK") -> DMK | M34: =IFERROR(__xludf.DUMMYFUNCTION("""COMPUTED_VALUE"""),"Por+ Home") -> Por+ Home | N34: =IFERROR(__xludf.DUMMYFUNCTION("""COMPUTED_VALUE"""),"Active") -> Active | P34: =IFERROR(__xludf.DUMMYFUNCTION("""COMPUTED_VALUE"""),30530.0) -> 30530 | Q34: =IFERROR(__xludf.DUMMYFUNCTION("""COMPUTED_VALUE"""),"090-699-4298") -> 090-699-4298 | R34: =IFERROR(__xludf.DUMMYFUNCTION("""COMPUTED_VALUE"""),3.100503476173E12) -> 3100503476173 | S34: =IFERROR(__xludf.DUMMYFUNCTION("""COMPUTED_VALUE"""),"AC8176860") -> AC8176860 | T34: =IFERROR(__xludf.DUMMYFUNCTION("""COMPUTED_VALUE"""),46006.0) -> 46006 | U34: =IFERROR(__xludf.DUMMYFUNCTION("""COMPUTED_VALUE"""),49657.0) -> 49657 | V34: =IFERROR(__xludf.DUMMYFUNCTION("""COMPUTED_VALUE"""),49474.0) -> 49474 | W34: =IFERROR(__xludf.DUMMYFUNCTION("""COMPUTED_VALUE"""),"ปลอดภัย") -> ปลอดภัย | X34: =IFERROR(__xludf.DUMMYFUNCTION("""COMPUTED_VALUE"""),"Bangkok") -> Bangkok | Y34: =IFERROR(__xludf.DUMMYFUNCTION("""COMPUTED_VALUE"""),"บางเขน") -> บางเขน | Z34: =IFERROR(__xludf.DUMMYFUNCTION("""COMPUTED_VALUE"""),"086 577 6144") -> 086 577 6144 | AA34: =IFERROR(__xludf.DUMMYFUNCTION("""COMPUTED_VALUE"""),"แม่") -> แม่ | AB34: =IFERROR(__xludf.DUMMYFUNCTION("""COMPUTED_VALUE"""),"patchteeratpong@airasia.com") -> patchteeratpong@airasia.com
A35: =IFERROR(__xludf.DUMMYFUNCTION("""COMPUTED_VALUE"""),1001084.0) -> 1001084 | B35: =IFERROR(__xludf.DUMMYFUNCTION("""COMPUTED_VALUE"""),"Ms.") -> Ms. | C35: =IFERROR(__xludf.DUMMYFUNCTION("""COMPUTED_VALUE"""),"Sowapan") -> Sowapan | D35: =IFERROR(__xludf.DUMMYFUNCTION("""COMPUTED_VALUE"""),"Chartwuthanon") -> Chartwuthanon | E35: =IFERROR(__xludf.DUMMYFUNCTION("""COMPUTED_VALUE"""),"Sowapan Chartwuthanon") -> Sowapan Chartwuthanon | F35: =IFERROR(__xludf.DUMMYFUNCTION("""COMPUTED_VALUE"""),"นางสาว") -> นางสาว | G35: =IFERROR(__xludf.DUMMYFUNCTION("""COMPUTED_VALUE"""),"โสวพันธุ์") -> โสวพันธุ์ | H35: =IFERROR(__xludf.DUMMYFUNCTION("""COMPUTED_VALUE"""),"ชาติวุฒานนท์") -> ชาติวุฒานนท์ | I35: =IFERROR(__xludf.DUMMYFUNCTION("""COMPUTED_VALUE"""),"โสวพันธุ์ ชาติวุฒานนท์") -> โสวพันธุ์ ชาติวุฒานนท์ | J35: =IFERROR(__xludf.DUMMYFUNCTION("""COMPUTED_VALUE"""),"JJ") -> JJ | K35: =IFERROR(__xludf.DUMMYFUNCTION("""COMPUTED_VALUE"""),"Senior Cabin Crew - CNX") -> Senior Cabin Crew - CNX | L35: =IFERROR(__xludf.DUMMYFUNCTION("""COMPUTED_VALUE"""),"CNX") -> CNX | M35: =IFERROR(__xludf.DUMMYFUNCTION("""COMPUTED_VALUE"""),"Up Home") -> Up Home | N35: =IFERROR(__xludf.DUMMYFUNCTION("""COMPUTED_VALUE"""),"Active") -> Active | P35: =IFERROR(__xludf.DUMMYFUNCTION("""COMPUTED_VALUE"""),28882.0) -> 28882 | Q35: =IFERROR(__xludf.DUMMYFUNCTION("""COMPUTED_VALUE"""),"063 260 6277 ") -> 063 260 6277 | R35: =IFERROR(__xludf.DUMMYFUNCTION("""COMPUTED_VALUE"""),"3569900-21-0743") -> 3569900-21-0743 | S35: =IFERROR(__xludf.DUMMYFUNCTION("""COMPUTED_VALUE"""),"AC5396117") -> AC5396117 | T35: =IFERROR(__xludf.DUMMYFUNCTION("""COMPUTED_VALUE"""),45147.0) -> 45147 | U35: =IFERROR(__xludf.DUMMYFUNCTION("""COMPUTED_VALUE"""),48799.0) -> 48799 | V35: =IFERROR(__xludf.DUMMYFUNCTION("""COMPUTED_VALUE"""),48618.0) -> 48618 | W35: =IFERROR(__xludf.DUMMYFUNCTION("""COMPUTED_VALUE"""),"ปลอดภัย") -> ปลอดภัย | X35: =IFERROR(__xludf.DUMMYFUNCTION("""COMPUTED_VALUE"""),"Prachuap Khiri Khan Province") -> Prachuap Khiri Khan Province | Y35: =IFERROR(__xludf.DUMMYFUNCTION("""COMPUTED_VALUE"""),"ลาดกระบัง") -> ลาดกระบัง | Z35: =IFERROR(__xludf.DUMMYFUNCTION("""COMPUTED_VALUE"""),"084 1506513") -> 084 1506513 | AA35: =IFERROR(__xludf.DUMMYFUNCTION("""COMPUTED_VALUE"""),"ไม่ระบุ") -> ไม่ระบุ | AB35: =IFERROR(__xludf.DUMMYFUNCTION("""COMPUTED_VALUE"""),"sowapanc@airasia.com") -> sowapanc@airasia.com
AB36: =IFERROR(__xludf.DUMMYFUNCTION("""COMPUTED_VALUE"""),"")
A37: =IFERROR(__xludf.DUMMYFUNCTION("""COMPUTED_VALUE"""),1001122.0) -> 1001122 | B37: =IFERROR(__xludf.DUMMYFUNCTION("""COMPUTED_VALUE"""),"Ms.") -> Ms. | C37: =IFERROR(__xludf.DUMMYFUNCTION("""COMPUTED_VALUE"""),"Supanya") -> Supanya | D37: =IFERROR(__xludf.DUMMYFUNCTION("""COMPUTED_VALUE"""),"Kareepet") -> Kareepet | E37: =IFERROR(__xludf.DUMMYFUNCTION("""COMPUTED_VALUE"""),"Supanya Kareepet") -> Supanya Kareepet | F37: =IFERROR(__xludf.DUMMYFUNCTION("""COMPUTED_VALUE"""),"นางสาว") -> นางสาว | G37: =IFERROR(__xludf.DUMMYFUNCTION("""COMPUTED_VALUE"""),"สุปัญญา") -> สุปัญญา | H37: =IFERROR(__xludf.DUMMYFUNCTION("""COMPUTED_VALUE"""),"การีเพ็ชร์") -> การีเพ็ชร์ | I37: =IFERROR(__xludf.DUMMYFUNCTION("""COMPUTED_VALUE"""),"สุปัญญา การีเพ็ชร์") -> สุปัญญา การีเพ็ชร์ | J37: =IFERROR(__xludf.DUMMYFUNCTION("""COMPUTED_VALUE"""),"Cartoon") -> Cartoon | K37: =IFERROR(__xludf.DUMMYFUNCTION("""COMPUTED_VALUE"""),"Senior Cabin Crew - BKK") -> Senior Cabin Crew - BKK | L37: =IFERROR(__xludf.DUMMYFUNCTION("""COMPUTED_VALUE"""),"BKK") -> BKK | M37: =IFERROR(__xludf.DUMMYFUNCTION("""COMPUTED_VALUE"""),"Nhui Home") -> Nhui Home | N37: =IFERROR(__xludf.DUMMYFUNCTION("""COMPUTED_VALUE"""),"Active") -> Active | P37: =IFERROR(__xludf.DUMMYFUNCTION("""COMPUTED_VALUE"""),30408.0) -> 30408 | Q37: =IFERROR(__xludf.DUMMYFUNCTION("""COMPUTED_VALUE"""),"082-295-5636") -> 082-295-5636 | R37: =IFERROR(__xludf.DUMMYFUNCTION("""COMPUTED_VALUE"""),"3101500-63-4437") -> 3101500-63-4437 | S37: =IFERROR(__xludf.DUMMYFUNCTION("""COMPUTED_VALUE"""),"AC3160549") -> AC3160549 | T37: =IFERROR(__xludf.DUMMYFUNCTION("""COMPUTED_VALUE"""),44700.0) -> 44700 | U37: =IFERROR(__xludf.DUMMYFUNCTION("""COMPUTED_VALUE"""),48352.0) -> 48352 | V37: =IFERROR(__xludf.DUMMYFUNCTION("""COMPUTED_VALUE"""),48170.0) -> 48170 | W37: =IFERROR(__xludf.DUMMYFUNCTION("""COMPUTED_VALUE"""),"ปลอดภัย") -> ปลอดภัย | X37: =IFERROR(__xludf.DUMMYFUNCTION("""COMPUTED_VALUE"""),"Bangkok") -> Bangkok | Y37: =IFERROR(__xludf.DUMMYFUNCTION("""COMPUTED_VALUE"""),"บางเสาธง") -> บางเสาธง | Z37: =IFERROR(__xludf.DUMMYFUNCTION("""COMPUTED_VALUE"""),"085 812 4258") -> 085 812 4258 | AA37: =IFERROR(__xludf.DUMMYFUNCTION("""COMPUTED_VALUE"""),"แฟน") -> แฟน | AB37: =IFERROR(__xludf.DUMMYFUNCTION("""COMPUTED_VALUE"""),"supanyak@airasia.com") -> supanyak@airasia.com
A38: =IFERROR(__xludf.DUMMYFUNCTION("""COMPUTED_VALUE"""),1001124.0) -> 1001124 | B38: =IFERROR(__xludf.DUMMYFUNCTION("""COMPUTED_VALUE"""),"Ms.") -> Ms. | C38: =IFERROR(__xludf.DUMMYFUNCTION("""COMPUTED_VALUE"""),"Worapanit") -> Worapanit | D38: =IFERROR(__xludf.DUMMYFUNCTION("""COMPUTED_VALUE"""),"Puangwong") -> Puangwong | E38: =IFERROR(__xludf.DUMMYFUNCTION("""COMPUTED_VALUE"""),"Worapanit Puangwong") -> Worapanit Puangwong | F38: =IFERROR(__xludf.DUMMYFUNCTION("""COMPUTED_VALUE"""),"นางสาว") -> นางสาว | G38: =IFERROR(__xludf.DUMMYFUNCTION("""COMPUTED_VALUE"""),"วรพนิต") -> วรพนิต | H38: =IFERROR(__xludf.DUMMYFUNCTION("""COMPUTED_VALUE"""),"พวงวงศ์") -> พวงวงศ์ | I38: =IFERROR(__xludf.DUMMYFUNCTION("""COMPUTED_VALUE"""),"วรพนิต พวงวงศ์") -> วรพนิต พวงวงศ์ | J38: =IFERROR(__xludf.DUMMYFUNCTION("""COMPUTED_VALUE"""),"Jane") -> Jane | K38: =IFERROR(__xludf.DUMMYFUNCTION("""COMPUTED_VALUE"""),"Cabin Crew - CNX") -> Cabin Crew - CNX | L38: =IFERROR(__xludf.DUMMYFUNCTION("""COMPUTED_VALUE"""),"CNX") -> CNX | M38: =IFERROR(__xludf.DUMMYFUNCTION("""COMPUTED_VALUE"""),"Up Home") -> Up Home | N38: =IFERROR(__xludf.DUMMYFUNCTION("""COMPUTED_VALUE"""),"Active") -> Active | P38: =IFERROR(__xludf.DUMMYFUNCTION("""COMPUTED_VALUE"""),30333.0) -> 30333 | Q38: =IFERROR(__xludf.DUMMYFUNCTION("""COMPUTED_VALUE"""),"081-7415979") -> 081-7415979 | R38: =IFERROR(__xludf.DUMMYFUNCTION("""COMPUTED_VALUE"""),"3509900-99-3837") -> 3509900-99-3837 | S38: =IFERROR(__xludf.DUMMYFUNCTION("""COMPUTED_VALUE"""),"AC5213167") -> AC5213167 | T38: =IFERROR(__xludf.DUMMYFUNCTION("""COMPUTED_VALUE"""),45117.0) -> 45117 | U38: =IFERROR(__xludf.DUMMYFUNCTION("""COMPUTED_VALUE"""),48769.0) -> 48769 | V38: =IFERROR(__xludf.DUMMYFUNCTION("""COMPUTED_VALUE"""),48588.0) -> 48588 | W38: =IFERROR(__xludf.DUMMYFUNCTION("""COMPUTED_VALUE"""),"ปลอดภัย") -> ปลอดภัย | X38: =IFERROR(__xludf.DUMMYFUNCTION("""COMPUTED_VALUE"""),"Chiang Mai Province") -> Chiang Mai Province | Y38: =IFERROR(__xludf.DUMMYFUNCTION("""COMPUTED_VALUE"""),"พระราม 3") -> พระราม 3 | Z38: =IFERROR(__xludf.DUMMYFUNCTION("""COMPUTED_VALUE"""),"089 667 3005") -> 089 667 3005 | AA38: =IFERROR(__xludf.DUMMYFUNCTION("""COMPUTED_VALUE"""),"แฟน") -> แฟน | AB38: =IFERROR(__xludf.DUMMYFUNCTION("""COMPUTED_VALUE"""),"worapanitp@airasia.com") -> worapanitp@airasia.com
AB39: =IFERROR(__xludf.DUMMYFUNCTION("""COMPUTED_VALUE"""),"")
A40: =IFERROR(__xludf.DUMMYFUNCTION("""COMPUTED_VALUE"""),1001227.0) -> 1001227 | B40: =IFERROR(__xludf.DUMMYFUNCTION("""COMPUTED_VALUE"""),"Ms.") -> Ms. | C40: =IFERROR(__xludf.DUMMYFUNCTION("""COMPUTED_VALUE"""),"Dara") -> Dara | D40: =IFERROR(__xludf.DUMMYFUNCTION("""COMPUTED_VALUE"""),"Nomanee") -> Nomanee | E40: =IFERROR(__xludf.DUMMYFUNCTION("""COMPUTED_VALUE"""),"Dara Nomanee") -> Dara Nomanee | F40: =IFERROR(__xludf.DUMMYFUNCTION("""COMPUTED_VALUE"""),"นางสาว") -> นางสาว | G40: =IFERROR(__xludf.DUMMYFUNCTION("""COMPUTED_VALUE"""),"ดารา") -> ดารา | H40: =IFERROR(__xludf.DUMMYFUNCTION("""COMPUTED_VALUE"""),"โนมณี") -> โนมณี | I40: =IFERROR(__xludf.DUMMYFUNCTION("""COMPUTED_VALUE"""),"ดารา โนมณี") -> ดารา โนมณี | J40: =IFERROR(__xludf.DUMMYFUNCTION("""COMPUTED_VALUE"""),"Aoi") -> Aoi | K40: =IFERROR(__xludf.DUMMYFUNCTION("""COMPUTED_VALUE"""),"Senior Cabin Crew - BKK") -> Senior Cabin Crew - BKK | L40: =IFERROR(__xludf.DUMMYFUNCTION("""COMPUTED_VALUE"""),"BKK") -> BKK | M40: =IFERROR(__xludf.DUMMYFUNCTION("""COMPUTED_VALUE"""),"Nhui Home") -> Nhui Home | N40: =IFERROR(__xludf.DUMMYFUNCTION("""COMPUTED_VALUE"""),"Active/V/DMK") -> Active/V/DMK | P40: =IFERROR(__xludf.DUMMYFUNCTION("""COMPUTED_VALUE"""),30213.0) -> 30213 | Q40: =IFERROR(__xludf.DUMMYFUNCTION("""COMPUTED_VALUE"""),"062 690 9242") -> 062 690 9242 | R40: =IFERROR(__xludf.DUMMYFUNCTION("""COMPUTED_VALUE"""),"3579900-37-7745") -> 3579900-37-7745 | S40: =IFERROR(__xludf.DUMMYFUNCTION("""COMPUTED_VALUE"""),"AC5618896") -> AC5618896 | T40: =IFERROR(__xludf.DUMMYFUNCTION("""COMPUTED_VALUE"""),45170.0) -> 45170 | U40: =IFERROR(__xludf.DUMMYFUNCTION("""COMPUTED_VALUE"""),48822.0) -> 48822 | V40: =IFERROR(__xludf.DUMMYFUNCTION("""COMPUTED_VALUE"""),48638.0) -> 48638 | W40: =IFERROR(__xludf.DUMMYFUNCTION("""COMPUTED_VALUE"""),"ปลอดภัย") -> ปลอดภัย | X40: =IFERROR(__xludf.DUMMYFUNCTION("""COMPUTED_VALUE"""),"Chiang Rai Province") -> Chiang Rai Province | Y40: =IFERROR(__xludf.DUMMYFUNCTION("""COMPUTED_VALUE"""),"เชียงใหม่") -> เชียงใหม่ | Z40: =IFERROR(__xludf.DUMMYFUNCTION("""COMPUTED_VALUE"""),"085 031 3313,0") -> 085 031 3313,0 | AA40: =IFERROR(__xludf.DUMMYFUNCTION("""COMPUTED_VALUE"""),"ไม่ระบุ") -> ไม่ระบุ | AB40: =IFERROR(__xludf.DUMMYFUNCTION("""COMPUTED_VALUE"""),"daran@airasia.com") -> daran@airasia.com
A41: =IFERROR(__xludf.DUMMYFUNCTION("""COMPUTED_VALUE"""),1001230.0) -> 1001230 | B41: =IFERROR(__xludf.DUMMYFUNCTION("""COMPUTED_VALUE"""),"Ms.") -> Ms. | C41: =IFERROR(__xludf.DUMMYFUNCTION("""COMPUTED_VALUE"""),"Panithi") -> Panithi | D41: =IFERROR(__xludf.DUMMYFUNCTION("""COMPUTED_VALUE"""),"Singlertsakul") -> Singlertsakul | E41: =IFERROR(__xludf.DUMMYFUNCTION("""COMPUTED_VALUE"""),"Panithi Singlertsakul") -> Panithi Singlertsakul | F41: =IFERROR(__xludf.DUMMYFUNCTION("""COMPUTED_VALUE"""),"นางสาว") -> นางสาว | G41: =IFERROR(__xludf.DUMMYFUNCTION("""COMPUTED_VALUE"""),"ปณิธิ") -> ปณิธิ | H41: =IFERROR(__xludf.DUMMYFUNCTION("""COMPUTED_VALUE"""),"สิงห์เลิศสกุล") -> สิงห์เลิศสกุล | I41: =IFERROR(__xludf.DUMMYFUNCTION("""COMPUTED_VALUE"""),"ปณิธิ สิงห์เลิศสกุล") -> ปณิธิ สิงห์เลิศสกุล | J41: =IFERROR(__xludf.DUMMYFUNCTION("""COMPUTED_VALUE"""),"Pla") -> Pla | K41: =IFERROR(__xludf.DUMMYFUNCTION("""COMPUTED_VALUE"""),"Senior Cabin Crew") -> Senior Cabin Crew | L41: =IFERROR(__xludf.DUMMYFUNCTION("""COMPUTED_VALUE"""),"DMK") -> DMK | M41: =IFERROR(__xludf.DUMMYFUNCTION("""COMPUTED_VALUE"""),"Kor Home") -> Kor Home | N41: =IFERROR(__xludf.DUMMYFUNCTION("""COMPUTED_VALUE"""),"Active") -> Active | O41: =IFERROR(__xludf.DUMMYFUNCTION("""COMPUTED_VALUE"""),"SCC Line Checker 2025") -> SCC Line Checker 2025 | P41: =IFERROR(__xludf.DUMMYFUNCTION("""COMPUTED_VALUE"""),"17 October 1980") -> 17 October 1980 | Q41: =IFERROR(__xludf.DUMMYFUNCTION("""COMPUTED_VALUE"""),"063 225 8792") -> 063 225 8792 | R41: =IFERROR(__xludf.DUMMYFUNCTION("""COMPUTED_VALUE"""),"3102101-70-8152") -> 3102101-70-8152 | S41: =IFERROR(__xludf.DUMMYFUNCTION("""COMPUTED_VALUE"""),"AC7920651") -> AC7920651 | T41: =IFERROR(__xludf.DUMMYFUNCTION("""COMPUTED_VALUE"""),45670.0) -> 45670 | U41: =IFERROR(__xludf.DUMMYFUNCTION("""COMPUTED_VALUE"""),49321.0) -> 49321 | V41: =IFERROR(__xludf.DUMMYFUNCTION("""COMPUTED_VALUE"""),49137.0) -> 49137 | W41: =IFERROR(__xludf.DUMMYFUNCTION("""COMPUTED_VALUE"""),"ปลอดภัย") -> ปลอดภัย | X41: =IFERROR(__xludf.DUMMYFUNCTION("""COMPUTED_VALUE"""),"Bangkok") -> Bangkok | AB41: =IFERROR(__xludf.DUMMYFUNCTION("""COMPUTED_VALUE"""),"panithis@airasia.com") -> panithis@airasia.com
A42: =IFERROR(__xludf.DUMMYFUNCTION("""COMPUTED_VALUE"""),1001231.0) -> 1001231 | B42: =IFERROR(__xludf.DUMMYFUNCTION("""COMPUTED_VALUE"""),"Ms.") -> Ms. | C42: =IFERROR(__xludf.DUMMYFUNCTION("""COMPUTED_VALUE"""),"Pattamavadee") -> Pattamavadee | D42: =IFERROR(__xludf.DUMMYFUNCTION("""COMPUTED_VALUE"""),"Niyomvanich") -> Niyomvanich | E42: =IFERROR(__xludf.DUMMYFUNCTION("""COMPUTED_VALUE"""),"Pattamavadee Niyomvanich") -> Pattamavadee Niyomvanich | F42: =IFERROR(__xludf.DUMMYFUNCTION("""COMPUTED_VALUE"""),"นางสาว") -> นางสาว | G42: =IFERROR(__xludf.DUMMYFUNCTION("""COMPUTED_VALUE"""),"ปัทมาวดี") -> ปัทมาวดี | H42: =IFERROR(__xludf.DUMMYFUNCTION("""COMPUTED_VALUE"""),"นิยมวานิช") -> นิยมวานิช | I42: =IFERROR(__xludf.DUMMYFUNCTION("""COMPUTED_VALUE"""),"ปัทมาวดี นิยมวานิช") -> ปัทมาวดี นิยมวานิช | J42: =IFERROR(__xludf.DUMMYFUNCTION("""COMPUTED_VALUE"""),"LukPad") -> LukPad | K42: =IFERROR(__xludf.DUMMYFUNCTION("""COMPUTED_VALUE"""),"Cabin Crew") -> Cabin Crew | L42: =IFERROR(__xludf.DUMMYFUNCTION("""COMPUTED_VALUE"""),"DMK") -> DMK | M42: =IFERROR(__xludf.DUMMYFUNCTION("""COMPUTED_VALUE"""),"Um Home") -> Um Home | N42: =IFERROR(__xludf.DUMMYFUNCTION("""COMPUTED_VALUE"""),"V/LWP") -> V/LWP | P42: =IFERROR(__xludf.DUMMYFUNCTION("""COMPUTED_VALUE"""),29979.0) -> 29979 | Q42: =IFERROR(__xludf.DUMMYFUNCTION("""COMPUTED_VALUE"""),"084 026 6678") -> 084 026 6678 | R42: =IFERROR(__xludf.DUMMYFUNCTION("""COMPUTED_VALUE"""),"3100905-65-8331") -> 3100905-65-8331 | S42: =IFERROR(__xludf.DUMMYFUNCTION("""COMPUTED_VALUE"""),"AC3894920") -> AC3894920 | T42: =IFERROR(__xludf.DUMMYFUNCTION("""COMPUTED_VALUE"""),44796.0) -> 44796 | U42: =IFERROR(__xludf.DUMMYFUNCTION("""COMPUTED_VALUE"""),48448.0) -> 48448 | V42: =IFERROR(__xludf.DUMMYFUNCTION("""COMPUTED_VALUE"""),48266.0) -> 48266 | W42: =IFERROR(__xludf.DUMMYFUNCTION("""COMPUTED_VALUE"""),"ปลอดภัย") -> ปลอดภัย | X42: =IFERROR(__xludf.DUMMYFUNCTION("""COMPUTED_VALUE"""),"Bangkok") -> Bangkok | Y42: =IFERROR(__xludf.DUMMYFUNCTION("""COMPUTED_VALUE"""),"คันนายาว") -> คันนายาว | Z42: =IFERROR(__xludf.DUMMYFUNCTION("""COMPUTED_VALUE"""),"081 844 6248") -> 081 844 6248 | AA42: =IFERROR(__xludf.DUMMYFUNCTION("""COMPUTED_VALUE"""),"พ่อ") -> พ่อ | AB42: =IFERROR(__xludf.DUMMYFUNCTION("""COMPUTED_VALUE"""),"pattamavadeen@airasia.com") -> pattamavadeen@airasia.com
A43: =IFERROR(__xludf.DUMMYFUNCTION("""COMPUTED_VALUE"""),1001232.0) -> 1001232 | B43: =IFERROR(__xludf.DUMMYFUNCTION("""COMPUTED_VALUE"""),"Ms.") -> Ms. | C43: =IFERROR(__xludf.DUMMYFUNCTION("""COMPUTED_VALUE"""),"Pornchanun") -> Pornchanun | D43: =IFERROR(__xludf.DUMMYFUNCTION("""COMPUTED_VALUE"""),"Sangmanee") -> Sangmanee | E43: =IFERROR(__xludf.DUMMYFUNCTION("""COMPUTED_VALUE"""),"Pornchanun Sangmanee") -> Pornchanun Sangmanee | F43: =IFERROR(__xludf.DUMMYFUNCTION("""COMPUTED_VALUE"""),"นางสาว") -> นางสาว | G43: =IFERROR(__xludf.DUMMYFUNCTION("""COMPUTED_VALUE"""),"พรชนัน") -> พรชนัน | H43: =IFERROR(__xludf.DUMMYFUNCTION("""COMPUTED_VALUE"""),"แสงมณี") -> แสงมณี | I43: =IFERROR(__xludf.DUMMYFUNCTION("""COMPUTED_VALUE"""),"พรชนัน แสงมณี") -> พรชนัน แสงมณี | J43: =IFERROR(__xludf.DUMMYFUNCTION("""COMPUTED_VALUE"""),"Nun") -> Nun | K43: =IFERROR(__xludf.DUMMYFUNCTION("""COMPUTED_VALUE"""),"Senior Cabin Crew - CNX") -> Senior Cabin Crew - CNX | L43: =IFERROR(__xludf.DUMMYFUNCTION("""COMPUTED_VALUE"""),"CNX") -> CNX | M43: =IFERROR(__xludf.DUMMYFUNCTION("""COMPUTED_VALUE"""),"Up Home") -> Up Home | N43: =IFERROR(__xludf.DUMMYFUNCTION("""COMPUTED_VALUE"""),"Active") -> Active | P43: =IFERROR(__xludf.DUMMYFUNCTION("""COMPUTED_VALUE"""),29444.0) -> 29444 | Q43: =IFERROR(__xludf.DUMMYFUNCTION("""COMPUTED_VALUE"""),"081 174 7475") -> 081 174 7475 | R43: =IFERROR(__xludf.DUMMYFUNCTION("""COMPUTED_VALUE"""),"5100200-03-7102") -> 5100200-03-7102 | S43: =IFERROR(__xludf.DUMMYFUNCTION("""COMPUTED_VALUE"""),"AC6794312") -> AC6794312 | T43: =IFERROR(__xludf.DUMMYFUNCTION("""COMPUTED_VALUE"""),45426.0) -> 45426 | U43: =IFERROR(__xludf.DUMMYFUNCTION("""COMPUTED_VALUE"""),49077.0) -> 49077 | V43: =IFERROR(__xludf.DUMMYFUNCTION("""COMPUTED_VALUE"""),48896.0) -> 48896 | W43: =IFERROR(__xludf.DUMMYFUNCTION("""COMPUTED_VALUE"""),"ปลอดภัย") -> ปลอดภัย | X43: =IFERROR(__xludf.DUMMYFUNCTION("""COMPUTED_VALUE"""),"Bangkok") -> Bangkok | Y43: =IFERROR(__xludf.DUMMYFUNCTION("""COMPUTED_VALUE"""),"ลาดกระบัง") -> ลาดกระบัง | Z43: =IFERROR(__xludf.DUMMYFUNCTION("""COMPUTED_VALUE"""),"089 980 1383") -> 089 980 1383 | AA43: =IFERROR(__xludf.DUMMYFUNCTION("""COMPUTED_VALUE"""),"แม่") -> แม่ | AB43: =IFERROR(__xludf.DUMMYFUNCTION("""COMPUTED_VALUE"""),"pornchanuns@airasia.com") -> pornchanuns@airasia.com
A44: =IFERROR(__xludf.DUMMYFUNCTION("""COMPUTED_VALUE"""),1001234.0) -> 1001234 | B44: =IFERROR(__xludf.DUMMYFUNCTION("""COMPUTED_VALUE"""),"Mrs.") -> Mrs. | C44: =IFERROR(__xludf.DUMMYFUNCTION("""COMPUTED_VALUE"""),"Sirirat") -> Sirirat | D44: =IFERROR(__xludf.DUMMYFUNCTION("""COMPUTED_VALUE"""),"Sanguanwong") -> Sanguanwong | E44: =IFERROR(__xludf.DUMMYFUNCTION("""COMPUTED_VALUE"""),"Sirirat Sanguanwong") -> Sirirat Sanguanwong | F44: =IFERROR(__xludf.DUMMYFUNCTION("""COMPUTED_VALUE"""),"นาง") -> นาง | G44: =IFERROR(__xludf.DUMMYFUNCTION("""COMPUTED_VALUE"""),"ศิริรัตน์") -> ศิริรัตน์ | H44: =IFERROR(__xludf.DUMMYFUNCTION("""COMPUTED_VALUE"""),"สงวนวงศ์") -> สงวนวงศ์ | I44: =IFERROR(__xludf.DUMMYFUNCTION("""COMPUTED_VALUE"""),"ศิริรัตน์ สงวนวงศ์") -> ศิริรัตน์ สงวนวงศ์ | J44: =IFERROR(__xludf.DUMMYFUNCTION("""COMPUTED_VALUE"""),"Amp") -> Amp | K44: =IFERROR(__xludf.DUMMYFUNCTION("""COMPUTED_VALUE"""),"Senior Cabin Crew") -> Senior Cabin Crew | L44: =IFERROR(__xludf.DUMMYFUNCTION("""COMPUTED_VALUE"""),"DMK") -> DMK | M44: =IFERROR(__xludf.DUMMYFUNCTION("""COMPUTED_VALUE"""),"Namfon Home") -> Namfon Home | N44: =IFERROR(__xludf.DUMMYFUNCTION("""COMPUTED_VALUE"""),"Active") -> Active | P44: =IFERROR(__xludf.DUMMYFUNCTION("""COMPUTED_VALUE"""),"3 December 1981") -> 3 December 1981 | Q44: =IFERROR(__xludf.DUMMYFUNCTION("""COMPUTED_VALUE"""),"084 077 7899") -> 084 077 7899 | R44: =IFERROR(__xludf.DUMMYFUNCTION("""COMPUTED_VALUE"""),"3100501-49-0403") -> 3100501-49-0403 | S44: =IFERROR(__xludf.DUMMYFUNCTION("""COMPUTED_VALUE"""),"AC4007184") -> AC4007184 | T44: =IFERROR(__xludf.DUMMYFUNCTION("""COMPUTED_VALUE"""),44813.0) -> 44813 | U44: =IFERROR(__xludf.DUMMYFUNCTION("""COMPUTED_VALUE"""),48465.0) -> 48465 | V44: =IFERROR(__xludf.DUMMYFUNCTION("""COMPUTED_VALUE"""),48281.0) -> 48281 | W44: =IFERROR(__xludf.DUMMYFUNCTION("""COMPUTED_VALUE"""),"ปลอดภัย") -> ปลอดภัย | X44: =IFERROR(__xludf.DUMMYFUNCTION("""COMPUTED_VALUE"""),"Bangkok") -> Bangkok | AB44: =IFERROR(__xludf.DUMMYFUNCTION("""COMPUTED_VALUE"""),"sirirats@airasia.com") -> sirirats@airasia.com
A45: =IFERROR(__xludf.DUMMYFUNCTION("""COMPUTED_VALUE"""),1001235.0) -> 1001235 | B45: =IFERROR(__xludf.DUMMYFUNCTION("""COMPUTED_VALUE"""),"Ms.") -> Ms. | C45: =IFERROR(__xludf.DUMMYFUNCTION("""COMPUTED_VALUE"""),"Suchada") -> Suchada | D45: =IFERROR(__xludf.DUMMYFUNCTION("""COMPUTED_VALUE"""),"Samakee") -> Samakee | E45: =IFERROR(__xludf.DUMMYFUNCTION("""COMPUTED_VALUE"""),"Suchada Samakee") -> Suchada Samakee | F45: =IFERROR(__xludf.DUMMYFUNCTION("""COMPUTED_VALUE"""),"นางสาว") -> นางสาว | G45: =IFERROR(__xludf.DUMMYFUNCTION("""COMPUTED_VALUE"""),"สุชาดา") -> สุชาดา | H45: =IFERROR(__xludf.DUMMYFUNCTION("""COMPUTED_VALUE"""),"สามัคคี") -> สามัคคี | I45: =IFERROR(__xludf.DUMMYFUNCTION("""COMPUTED_VALUE"""),"สุชาดา สามัคคี") -> สุชาดา สามัคคี | J45: =IFERROR(__xludf.DUMMYFUNCTION("""COMPUTED_VALUE"""),"Poo") -> Poo | K45: =IFERROR(__xludf.DUMMYFUNCTION("""COMPUTED_VALUE"""),"Senior Cabin Crew") -> Senior Cabin Crew | L45: =IFERROR(__xludf.DUMMYFUNCTION("""COMPUTED_VALUE"""),"DMK") -> DMK | M45: =IFERROR(__xludf.DUMMYFUNCTION("""COMPUTED_VALUE"""),"Toffy Home") -> Toffy Home | N45: =IFERROR(__xludf.DUMMYFUNCTION("""COMPUTED_VALUE"""),"Active") -> Active | P45: =IFERROR(__xludf.DUMMYFUNCTION("""COMPUTED_VALUE"""),28520.0) -> 28520 | Q45: =IFERROR(__xludf.DUMMYFUNCTION("""COMPUTED_VALUE"""),"081 440 9311") -> 081 440 9311 | R45: =IFERROR(__xludf.DUMMYFUNCTION("""COMPUTED_VALUE"""),"3700700-28-5936") -> 3700700-28-5936 | S45: =IFERROR(__xludf.DUMMYFUNCTION("""COMPUTED_VALUE"""),"AC4974396") -> AC4974396 | T45: =IFERROR(__xludf.DUMMYFUNCTION("""COMPUTED_VALUE"""),45078.0) -> 45078 | U45: =IFERROR(__xludf.DUMMYFUNCTION("""COMPUTED_VALUE"""),48730.0) -> 48730 | V45: =IFERROR(__xludf.DUMMYFUNCTION("""COMPUTED_VALUE"""),48548.0) -> 48548 | W45: =IFERROR(__xludf.DUMMYFUNCTION("""COMPUTED_VALUE"""),"ปลอดภัย") -> ปลอดภัย | X45: =IFERROR(__xludf.DUMMYFUNCTION("""COMPUTED_VALUE"""),"Ratchaburi Province") -> Ratchaburi Province | Y45: =IFERROR(__xludf.DUMMYFUNCTION("""COMPUTED_VALUE"""),"จตุจักร") -> จตุจักร | Z45: =IFERROR(__xludf.DUMMYFUNCTION("""COMPUTED_VALUE"""),"ow") -> ow | AA45: =IFERROR(__xludf.DUMMYFUNCTION("""COMPUTED_VALUE"""),"พี่ชาย") -> พี่ชาย | AB45: =IFERROR(__xludf.DUMMYFUNCTION("""COMPUTED_VALUE"""),"suchadas@airasia.com") -> suchadas@airasia.com
A46: =IFERROR(__xludf.DUMMYFUNCTION("""COMPUTED_VALUE"""),1001238.0) -> 1001238 | B46: =IFERROR(__xludf.DUMMYFUNCTION("""COMPUTED_VALUE"""),"Ms.") -> Ms. | C46: =IFERROR(__xludf.DUMMYFUNCTION("""COMPUTED_VALUE"""),"Thanyaporn") -> Thanyaporn | D46: =IFERROR(__xludf.DUMMYFUNCTION("""COMPUTED_VALUE"""),"Kemsatidanan") -> Kemsatidanan | E46: =IFERROR(__xludf.DUMMYFUNCTION("""COMPUTED_VALUE"""),"Thanyaporn Kemsatidanan") -> Thanyaporn Kemsatidanan | F46: =IFERROR(__xludf.DUMMYFUNCTION("""COMPUTED_VALUE"""),"นางสาว") -> นางสาว | G46: =IFERROR(__xludf.DUMMYFUNCTION("""COMPUTED_VALUE"""),"ธันยพร") -> ธันยพร | H46: =IFERROR(__xludf.DUMMYFUNCTION("""COMPUTED_VALUE"""),"เขมสถิตย์อนันต์") -> เขมสถิตย์อนันต์ | I46: =IFERROR(__xludf.DUMMYFUNCTION("""COMPUTED_VALUE"""),"ธันยพร เขมสถิตย์อนันต์") -> ธันยพร เขมสถิตย์อนันต์ | J46: =IFERROR(__xludf.DUMMYFUNCTION("""COMPUTED_VALUE"""),"Beer") -> Beer | K46: =IFERROR(__xludf.DUMMYFUNCTION("""COMPUTED_VALUE"""),"Senior Cabin Crew - CNX") -> Senior Cabin Crew - CNX | L46: =IFERROR(__xludf.DUMMYFUNCTION("""COMPUTED_VALUE"""),"CNX") -> CNX | M46: =IFERROR(__xludf.DUMMYFUNCTION("""COMPUTED_VALUE"""),"Up Home") -> Up Home | N46: =IFERROR(__xludf.DUMMYFUNCTION("""COMPUTED_VALUE"""),"Active") -> Active | P46: =IFERROR(__xludf.DUMMYFUNCTION("""COMPUTED_VALUE"""),29486.0) -> 29486 | Q46: =IFERROR(__xludf.DUMMYFUNCTION("""COMPUTED_VALUE"""),9.66426659E8) -> 966426659 | R46: =IFERROR(__xludf.DUMMYFUNCTION("""COMPUTED_VALUE"""),"3100600-43-1600") -> 3100600-43-1600 | S46: =IFERROR(__xludf.DUMMYFUNCTION("""COMPUTED_VALUE"""),"AC2539923") -> AC2539923 | T46: =IFERROR(__xludf.DUMMYFUNCTION("""COMPUTED_VALUE"""),44642.0) -> 44642 | U46: =IFERROR(__xludf.DUMMYFUNCTION("""COMPUTED_VALUE"""),48294.0) -> 48294 | V46: =IFERROR(__xludf.DUMMYFUNCTION("""COMPUTED_VALUE"""),48112.0) -> 48112 | W46: =IFERROR(__xludf.DUMMYFUNCTION("""COMPUTED_VALUE"""),"ปลอดภัย") -> ปลอดภัย | X46: =IFERROR(__xludf.DUMMYFUNCTION("""COMPUTED_VALUE"""),"Bangkok") -> Bangkok | Y46: =IFERROR(__xludf.DUMMYFUNCTION("""COMPUTED_VALUE"""),"เชียงใหม่") -> เชียงใหม่ | Z46: =IFERROR(__xludf.DUMMYFUNCTION("""COMPUTED_VALUE"""),"081 830 0149") -> 081 830 0149 | AA46: =IFERROR(__xludf.DUMMYFUNCTION("""COMPUTED_VALUE"""),"พ่อ") -> พ่อ | AB46: =IFERROR(__xludf.DUMMYFUNCTION("""COMPUTED_VALUE"""),"thanyapornk@airasia.com") -> thanyapornk@airasia.com
A47: =IFERROR(__xludf.DUMMYFUNCTION("""COMPUTED_VALUE"""),1001239.0) -> 1001239 | B47: =IFERROR(__xludf.DUMMYFUNCTION("""COMPUTED_VALUE"""),"Mrs.") -> Mrs. | C47: =IFERROR(__xludf.DUMMYFUNCTION("""COMPUTED_VALUE"""),"Thitiya") -> Thitiya | D47: =IFERROR(__xludf.DUMMYFUNCTION("""COMPUTED_VALUE"""),"Brigstock-Barron (Atsawarangsi)") -> Brigstock-Barron (Atsawarangsi) | E47: =IFERROR(__xludf.DUMMYFUNCTION("""COMPUTED_VALUE"""),"Thitiya Brigstock-Barron") -> Thitiya Brigstock-Barron | F47: =IFERROR(__xludf.DUMMYFUNCTION("""COMPUTED_VALUE"""),"นาง") -> นาง | G47: =IFERROR(__xludf.DUMMYFUNCTION("""COMPUTED_VALUE"""),"ฐิติยา") -> ฐิติยา | H47: =IFERROR(__xludf.DUMMYFUNCTION("""COMPUTED_VALUE"""),"บริจสต็อค บาร์รอน (อัศวรังษี)") -> บริจสต็อค บาร์รอน (อัศวรังษี) | I47: =IFERROR(__xludf.DUMMYFUNCTION("""COMPUTED_VALUE"""),"ฐิติยา บริจสต็อค บาร์รอน") -> ฐิติยา บริจสต็อค บาร์รอน | J47: =IFERROR(__xludf.DUMMYFUNCTION("""COMPUTED_VALUE"""),"BowBoh") -> BowBoh | K47: =IFERROR(__xludf.DUMMYFUNCTION("""COMPUTED_VALUE"""),"Senior Cabin Crew - CNX") -> Senior Cabin Crew - CNX | L47: =IFERROR(__xludf.DUMMYFUNCTION("""COMPUTED_VALUE"""),"CNX") -> CNX | M47: =IFERROR(__xludf.DUMMYFUNCTION("""COMPUTED_VALUE"""),"Up Home") -> Up Home | N47: =IFERROR(__xludf.DUMMYFUNCTION("""COMPUTED_VALUE"""),"Active") -> Active | P47: =IFERROR(__xludf.DUMMYFUNCTION("""COMPUTED_VALUE"""),30675.0) -> 30675 | Q47: =IFERROR(__xludf.DUMMYFUNCTION("""COMPUTED_VALUE"""),"082 090 3336") -> 082 090 3336 | R47: =IFERROR(__xludf.DUMMYFUNCTION("""COMPUTED_VALUE"""),"3149900-47-7301") -> 3149900-47-7301 | S47: =IFERROR(__xludf.DUMMYFUNCTION("""COMPUTED_VALUE"""),"AD2090309") -> AD2090309 | T47: =IFERROR(__xludf.DUMMYFUNCTION("""COMPUTED_VALUE"""),45723.0) -> 45723 | U47: =IFERROR(__xludf.DUMMYFUNCTION("""COMPUTED_VALUE"""),49374.0) -> 49374 | V47: =IFERROR(__xludf.DUMMYFUNCTION("""COMPUTED_VALUE"""),49193.0) -> 49193 | W47: =IFERROR(__xludf.DUMMYFUNCTION("""COMPUTED_VALUE"""),"ปลอดภัย") -> ปลอดภัย | X47: =IFERROR(__xludf.DUMMYFUNCTION("""COMPUTED_VALUE"""),"Phra Nakhon Si Ayutthaya Province") -> Phra Nakhon Si Ayutthaya Province | Y47: =IFERROR(__xludf.DUMMYFUNCTION("""COMPUTED_VALUE"""),"บางนา") -> บางนา | Z47: =IFERROR(__xludf.DUMMYFUNCTION("""COMPUTED_VALUE"""),"089 809 7243") -> 089 809 7243 | AA47: =IFERROR(__xludf.DUMMYFUNCTION("""COMPUTED_VALUE"""),"เพื่อน") -> เพื่อน | AB47: =IFERROR(__xludf.DUMMYFUNCTION("""COMPUTED_VALUE"""),"thitiyab@airasia.com") -> thitiyab@airasia.com
AB48: =IFERROR(__xludf.DUMMYFUNCTION("""COMPUTED_VALUE"""),"")
A49: =IFERROR(__xludf.DUMMYFUNCTION("""COMPUTED_VALUE"""),1001301.0) -> 1001301 | B49: =IFERROR(__xludf.DUMMYFUNCTION("""COMPUTED_VALUE"""),"Mr.") -> Mr. | C49: =IFERROR(__xludf.DUMMYFUNCTION("""COMPUTED_VALUE"""),"Burin") -> Burin | D49: =IFERROR(__xludf.DUMMYFUNCTION("""COMPUTED_VALUE"""),"Buarapha") -> Buarapha | E49: =IFERROR(__xludf.DUMMYFUNCTION("""COMPUTED_VALUE"""),"Burin Buarapha") -> Burin Buarapha | F49: =IFERROR(__xludf.DUMMYFUNCTION("""COMPUTED_VALUE"""),"นาย") -> นาย | G49: =IFERROR(__xludf.DUMMYFUNCTION("""COMPUTED_VALUE"""),"บุรินทร์") -> บุรินทร์ | H49: =IFERROR(__xludf.DUMMYFUNCTION("""COMPUTED_VALUE"""),"บัวระภา") -> บัวระภา | I49: =IFERROR(__xludf.DUMMYFUNCTION("""COMPUTED_VALUE"""),"บุรินทร์ บัวระภา") -> บุรินทร์ บัวระภา | J49: =IFERROR(__xludf.DUMMYFUNCTION("""COMPUTED_VALUE"""),"Ant (Tony)") -> Ant (Tony) | K49: =IFERROR(__xludf.DUMMYFUNCTION("""COMPUTED_VALUE"""),"Senior Cabin Crew") -> Senior Cabin Crew | L49: =IFERROR(__xludf.DUMMYFUNCTION("""COMPUTED_VALUE"""),"DMK") -> DMK | M49: =IFERROR(__xludf.DUMMYFUNCTION("""COMPUTED_VALUE"""),"Um Home") -> Um Home | N49: =IFERROR(__xludf.DUMMYFUNCTION("""COMPUTED_VALUE"""),"Active") -> Active | P49: =IFERROR(__xludf.DUMMYFUNCTION("""COMPUTED_VALUE"""),29675.0) -> 29675 | Q49: =IFERROR(__xludf.DUMMYFUNCTION("""COMPUTED_VALUE"""),"085 840 6104") -> 085 840 6104 | R49: =IFERROR(__xludf.DUMMYFUNCTION("""COMPUTED_VALUE"""),"3420900-40-8538") -> 3420900-40-8538 | S49: =IFERROR(__xludf.DUMMYFUNCTION("""COMPUTED_VALUE"""),"AD18711375") -> AD18711375 | T49: =IFERROR(__xludf.DUMMYFUNCTION("""COMPUTED_VALUE"""),45476.0) -> 45476 | U49: =IFERROR(__xludf.DUMMYFUNCTION("""COMPUTED_VALUE"""),47301.0) -> 47301 | V49: =IFERROR(__xludf.DUMMYFUNCTION("""COMPUTED_VALUE"""),47120.0) -> 47120 | W49: =IFERROR(__xludf.DUMMYFUNCTION("""COMPUTED_VALUE"""),"ปลอดภัย") -> ปลอดภัย | X49: =IFERROR(__xludf.DUMMYFUNCTION("""COMPUTED_VALUE"""),"Loei Province") -> Loei Province | Y49: =IFERROR(__xludf.DUMMYFUNCTION("""COMPUTED_VALUE"""),"บึงกุ่ม") -> บึงกุ่ม | Z49: =IFERROR(__xludf.DUMMYFUNCTION("""COMPUTED_VALUE"""),"089 017 7664") -> 089 017 7664 | AA49: =IFERROR(__xludf.DUMMYFUNCTION("""COMPUTED_VALUE"""),"เพื่อน") -> เพื่อน | AB49: =IFERROR(__xludf.DUMMYFUNCTION("""COMPUTED_VALUE"""),"burinb@airasia.com") -> burinb@airasia.com
A50: =IFERROR(__xludf.DUMMYFUNCTION("""COMPUTED_VALUE"""),1001303.0) -> 1001303 | B50: =IFERROR(__xludf.DUMMYFUNCTION("""COMPUTED_VALUE"""),"Ms.") -> Ms. | C50: =IFERROR(__xludf.DUMMYFUNCTION("""COMPUTED_VALUE"""),"Chindarat") -> Chindarat | D50: =IFERROR(__xludf.DUMMYFUNCTION("""COMPUTED_VALUE"""),"Chintanasathien") -> Chintanasathien | E50: =IFERROR(__xludf.DUMMYFUNCTION("""COMPUTED_VALUE"""),"Chindarat Chintanasathien") -> Chindarat Chintanasathien | F50: =IFERROR(__xludf.DUMMYFUNCTION("""COMPUTED_VALUE"""),"นางสาว") -> นางสาว | G50: =IFERROR(__xludf.DUMMYFUNCTION("""COMPUTED_VALUE"""),"จินดารัตน์") -> จินดารัตน์ | H50: =IFERROR(__xludf.DUMMYFUNCTION("""COMPUTED_VALUE"""),"จินตนเสฐียร") -> จินตนเสฐียร | I50: =IFERROR(__xludf.DUMMYFUNCTION("""COMPUTED_VALUE"""),"จินดารัตน์ จินตนเสฐียร") -> จินดารัตน์ จินตนเสฐียร | J50: =IFERROR(__xludf.DUMMYFUNCTION("""COMPUTED_VALUE"""),"DaDa") -> DaDa | K50: =IFERROR(__xludf.DUMMYFUNCTION("""COMPUTED_VALUE"""),"Senior Cabin Crew") -> Senior Cabin Crew | L50: =IFERROR(__xludf.DUMMYFUNCTION("""COMPUTED_VALUE"""),"DMK") -> DMK | M50: =IFERROR(__xludf.DUMMYFUNCTION("""COMPUTED_VALUE"""),"Nhui Home") -> Nhui Home | N50: =IFERROR(__xludf.DUMMYFUNCTION("""COMPUTED_VALUE"""),"Active") -> Active | O50: =IFERROR(__xludf.DUMMYFUNCTION("""COMPUTED_VALUE"""),"Chinese Speaking") -> Chinese Speaking | P50: =IFERROR(__xludf.DUMMYFUNCTION("""COMPUTED_VALUE"""),30226.0) -> 30226 | Q50: =IFERROR(__xludf.DUMMYFUNCTION("""COMPUTED_VALUE"""),"086 324 4591") -> 086 324 4591 | R50: =IFERROR(__xludf.DUMMYFUNCTION("""COMPUTED_VALUE"""),"3101300-28-9655") -> 3101300-28-9655 | S50: =IFERROR(__xludf.DUMMYFUNCTION("""COMPUTED_VALUE"""),"AC7921706") -> AC7921706 | T50: =IFERROR(__xludf.DUMMYFUNCTION("""COMPUTED_VALUE"""),45673.0) -> 45673 | U50: =IFERROR(__xludf.DUMMYFUNCTION("""COMPUTED_VALUE"""),49324.0) -> 49324 | V50: =IFERROR(__xludf.DUMMYFUNCTION("""COMPUTED_VALUE"""),49140.0) -> 49140 | W50: =IFERROR(__xludf.DUMMYFUNCTION("""COMPUTED_VALUE"""),"ปลอดภัย") -> ปลอดภัย | X50: =IFERROR(__xludf.DUMMYFUNCTION("""COMPUTED_VALUE"""),"Bangkok") -> Bangkok | Y50: =IFERROR(__xludf.DUMMYFUNCTION("""COMPUTED_VALUE"""),"สวนหลวง") -> สวนหลวง | Z50: =IFERROR(__xludf.DUMMYFUNCTION("""COMPUTED_VALUE"""),"098 252 5041") -> 098 252 5041 | AA50: =IFERROR(__xludf.DUMMYFUNCTION("""COMPUTED_VALUE"""),"ไม่ระบุ") -> ไม่ระบุ | AB50: =IFERROR(__xludf.DUMMYFUNCTION("""COMPUTED_VALUE"""),"chindaratc@airasia.com") -> chindaratc@airasia.com
A51: =IFERROR(__xludf.DUMMYFUNCTION("""COMPUTED_VALUE"""),1001308.0) -> 1001308 | B51: =IFERROR(__xludf.DUMMYFUNCTION("""COMPUTED_VALUE"""),"Mr.") -> Mr. | C51: =IFERROR(__xludf.DUMMYFUNCTION("""COMPUTED_VALUE"""),"Kittisak") -> Kittisak | D51: =IFERROR(__xludf.DUMMYFUNCTION("""COMPUTED_VALUE"""),"Issaro") -> Issaro | E51: =IFERROR(__xludf.DUMMYFUNCTION("""COMPUTED_VALUE"""),"Kittisak Issaro") -> Kittisak Issaro | F51: =IFERROR(__xludf.DUMMYFUNCTION("""COMPUTED_VALUE"""),"นาย") -> นาย | G51: =IFERROR(__xludf.DUMMYFUNCTION("""COMPUTED_VALUE"""),"กิตติศักดิ์") -> กิตติศักดิ์ | H51: =IFERROR(__xludf.DUMMYFUNCTION("""COMPUTED_VALUE"""),"อิสโร") -> อิสโร | I51: =IFERROR(__xludf.DUMMYFUNCTION("""COMPUTED_VALUE"""),"กิตติศักดิ์ อิสโร") -> กิตติศักดิ์ อิสโร | J51: =IFERROR(__xludf.DUMMYFUNCTION("""COMPUTED_VALUE"""),"Por") -> Por | K51: =IFERROR(__xludf.DUMMYFUNCTION("""COMPUTED_VALUE"""),"Cabin Crew Engagement Lead") -> Cabin Crew Engagement Lead | L51: =IFERROR(__xludf.DUMMYFUNCTION("""COMPUTED_VALUE"""),"DMK") -> DMK | M51: =IFERROR(__xludf.DUMMYFUNCTION("""COMPUTED_VALUE"""),"Ward Monitor") -> Ward Monitor | N51: =IFERROR(__xludf.DUMMYFUNCTION("""COMPUTED_VALUE"""),"CCEL") -> CCEL | O51: =IFERROR(__xludf.DUMMYFUNCTION("""COMPUTED_VALUE"""),"Chinese Speaking") -> Chinese Speaking | P51: =IFERROR(__xludf.DUMMYFUNCTION("""COMPUTED_VALUE"""),30813.0) -> 30813 | Q51: =IFERROR(__xludf.DUMMYFUNCTION("""COMPUTED_VALUE"""),"062 569 8942") -> 062 569 8942 | R51: =IFERROR(__xludf.DUMMYFUNCTION("""COMPUTED_VALUE"""),"1739900-01-5829") -> 1739900-01-5829 | S51: =IFERROR(__xludf.DUMMYFUNCTION("""COMPUTED_VALUE"""),"AC47470200") -> AC47470200 | T51: =IFERROR(__xludf.DUMMYFUNCTION("""COMPUTED_VALUE"""),45596.0) -> 45596 | U51: =IFERROR(__xludf.DUMMYFUNCTION("""COMPUTED_VALUE"""),49247.0) -> 49247 | V51: =IFERROR(__xludf.DUMMYFUNCTION("""COMPUTED_VALUE"""),49064.0) -> 49064 | W51: =IFERROR(__xludf.DUMMYFUNCTION("""COMPUTED_VALUE"""),"ปลอดภัย") -> ปลอดภัย | X51: =IFERROR(__xludf.DUMMYFUNCTION("""COMPUTED_VALUE"""),"Nakhon Pathom Province") -> Nakhon Pathom Province | Y51: =IFERROR(__xludf.DUMMYFUNCTION("""COMPUTED_VALUE"""),"สวนหลวง") -> สวนหลวง | Z51: =IFERROR(__xludf.DUMMYFUNCTION("""COMPUTED_VALUE"""),"086 795 1527") -> 086 795 1527 | AA51: =IFERROR(__xludf.DUMMYFUNCTION("""COMPUTED_VALUE"""),"พี่ี่สาว") -> พี่ี่สาว | AB51: =IFERROR(__xludf.DUMMYFUNCTION("""COMPUTED_VALUE"""),"kittisaki@airasia.com") -> kittisaki@airasia.com
A52: =IFERROR(__xludf.DUMMYFUNCTION("""COMPUTED_VALUE"""),1001312.0) -> 1001312 | B52: =IFERROR(__xludf.DUMMYFUNCTION("""COMPUTED_VALUE"""),"Ms.") -> Ms. | C52: =IFERROR(__xludf.DUMMYFUNCTION("""COMPUTED_VALUE"""),"Rattanapat") -> Rattanapat | D52: =IFERROR(__xludf.DUMMYFUNCTION("""COMPUTED_VALUE"""),"Rattanaviroj") -> Rattanaviroj | E52: =IFERROR(__xludf.DUMMYFUNCTION("""COMPUTED_VALUE"""),"Rattanapat Rattanaviroj") -> Rattanapat Rattanaviroj | F52: =IFERROR(__xludf.DUMMYFUNCTION("""COMPUTED_VALUE"""),"นางสาว") -> นางสาว | G52: =IFERROR(__xludf.DUMMYFUNCTION("""COMPUTED_VALUE"""),"รัตนพรรษ") -> รัตนพรรษ | H52: =IFERROR(__xludf.DUMMYFUNCTION("""COMPUTED_VALUE"""),"รัตนวิโรจน์") -> รัตนวิโรจน์ | I52: =IFERROR(__xludf.DUMMYFUNCTION("""COMPUTED_VALUE"""),"รัตนพรรษ รัตนวิโรจน์") -> รัตนพรรษ รัตนวิโรจน์ | J52: =IFERROR(__xludf.DUMMYFUNCTION("""COMPUTED_VALUE"""),"Phueng") -> Phueng | K52: =IFERROR(__xludf.DUMMYFUNCTION("""COMPUTED_VALUE"""),"Senior Cabin Crew") -> Senior Cabin Crew | L52: =IFERROR(__xludf.DUMMYFUNCTION("""COMPUTED_VALUE"""),"DMK") -> DMK | M52: =IFERROR(__xludf.DUMMYFUNCTION("""COMPUTED_VALUE"""),"Kor Home") -> Kor Home | N52: =IFERROR(__xludf.DUMMYFUNCTION("""COMPUTED_VALUE"""),"Active") -> Active | P52: =IFERROR(__xludf.DUMMYFUNCTION("""COMPUTED_VALUE"""),30298.0) -> 30298 | Q52: =IFERROR(__xludf.DUMMYFUNCTION("""COMPUTED_VALUE"""),"091 591 4462") -> 091 591 4462 | R52: =IFERROR(__xludf.DUMMYFUNCTION("""COMPUTED_VALUE"""),"3101500-13-2121") -> 3101500-13-2121 | S52: =IFERROR(__xludf.DUMMYFUNCTION("""COMPUTED_VALUE"""),"AC4307227") -> AC4307227 | T52: =IFERROR(__xludf.DUMMYFUNCTION("""COMPUTED_VALUE"""),44915.0) -> 44915 | U52: =IFERROR(__xludf.DUMMYFUNCTION("""COMPUTED_VALUE"""),48567.0) -> 48567 | V52: =IFERROR(__xludf.DUMMYFUNCTION("""COMPUTED_VALUE"""),48384.0) -> 48384 | W52: =IFERROR(__xludf.DUMMYFUNCTION("""COMPUTED_VALUE"""),"ปลอดภัย") -> ปลอดภัย | X52: =IFERROR(__xludf.DUMMYFUNCTION("""COMPUTED_VALUE"""),"Bangkok") -> Bangkok | Y52: =IFERROR(__xludf.DUMMYFUNCTION("""COMPUTED_VALUE"""),"บางกะปิ") -> บางกะปิ | Z52: =IFERROR(__xludf.DUMMYFUNCTION("""COMPUTED_VALUE"""),"02 424 1600") -> 02 424 1600 | AA52: =IFERROR(__xludf.DUMMYFUNCTION("""COMPUTED_VALUE"""),"บ้าน") -> บ้าน | AB52: =IFERROR(__xludf.DUMMYFUNCTION("""COMPUTED_VALUE"""),"rattanapatr@airasia.com") -> rattanapatr@airasia.com
A53: =IFERROR(__xludf.DUMMYFUNCTION("""COMPUTED_VALUE"""),1001317.0) -> 1001317 | B53: =IFERROR(__xludf.DUMMYFUNCTION("""COMPUTED_VALUE"""),"Ms.") -> Ms. | C53: =IFERROR(__xludf.DUMMYFUNCTION("""COMPUTED_VALUE"""),"Umaporn") -> Umaporn | D53: =IFERROR(__xludf.DUMMYFUNCTION("""COMPUTED_VALUE"""),"Charnond (Laosriwijit)") -> Charnond (Laosriwijit) | E53: =IFERROR(__xludf.DUMMYFUNCTION("""COMPUTED_VALUE"""),"Umaporn Charnond") -> Umaporn Charnond | F53: =IFERROR(__xludf.DUMMYFUNCTION("""COMPUTED_VALUE"""),"นางสาว") -> นางสาว | G53: =IFERROR(__xludf.DUMMYFUNCTION("""COMPUTED_VALUE"""),"อุมาพร") -> อุมาพร | H53: =IFERROR(__xludf.DUMMYFUNCTION("""COMPUTED_VALUE"""),"ชานนท์ (เหล่าศรีวิจิตร)") -> ชานนท์ (เหล่าศรีวิจิตร) | I53: =IFERROR(__xludf.DUMMYFUNCTION("""COMPUTED_VALUE"""),"อุมาพร ชานนท์") -> อุมาพร ชานนท์ | J53: =IFERROR(__xludf.DUMMYFUNCTION("""COMPUTED_VALUE"""),"Yokz") -> Yokz | K53: =IFERROR(__xludf.DUMMYFUNCTION("""COMPUTED_VALUE"""),"Senior Cabin Crew") -> Senior Cabin Crew | L53: =IFERROR(__xludf.DUMMYFUNCTION("""COMPUTED_VALUE"""),"DMK") -> DMK | M53: =IFERROR(__xludf.DUMMYFUNCTION("""COMPUTED_VALUE"""),"Um Home") -> Um Home | N53: =IFERROR(__xludf.DUMMYFUNCTION("""COMPUTED_VALUE"""),"Active") -> Active | O53: =IFERROR(__xludf.DUMMYFUNCTION("""COMPUTED_VALUE"""),"Chinese Speaking") -> Chinese Speaking | P53: =IFERROR(__xludf.DUMMYFUNCTION("""COMPUTED_VALUE"""),29546.0) -> 29546 | Q53: =IFERROR(__xludf.DUMMYFUNCTION("""COMPUTED_VALUE"""),"085 993 2323") -> 085 993 2323 | R53: =IFERROR(__xludf.DUMMYFUNCTION("""COMPUTED_VALUE"""),"3220100-24-6888") -> 3220100-24-6888 | S53: =IFERROR(__xludf.DUMMYFUNCTION("""COMPUTED_VALUE"""),"AC6633043") -> AC6633043 | T53: =IFERROR(__xludf.DUMMYFUNCTION("""COMPUTED_VALUE"""),45414.0) -> 45414 | U53: =IFERROR(__xludf.DUMMYFUNCTION("""COMPUTED_VALUE"""),49065.0) -> 49065 | V53: =IFERROR(__xludf.DUMMYFUNCTION("""COMPUTED_VALUE"""),48884.0) -> 48884 | W53: =IFERROR(__xludf.DUMMYFUNCTION("""COMPUTED_VALUE"""),"ปลอดภัย") -> ปลอดภัย | X53: =IFERROR(__xludf.DUMMYFUNCTION("""COMPUTED_VALUE"""),"Chanthaburi Province") -> Chanthaburi Province | Y53: =IFERROR(__xludf.DUMMYFUNCTION("""COMPUTED_VALUE"""),"สวนหลวง") -> สวนหลวง | Z53: =IFERROR(__xludf.DUMMYFUNCTION("""COMPUTED_VALUE"""),"! Update !") -> ! Update ! | AA53: =IFERROR(__xludf.DUMMYFUNCTION("""COMPUTED_VALUE"""),"! Update !") -> ! Update ! | AB53: =IFERROR(__xludf.DUMMYFUNCTION("""COMPUTED_VALUE"""),"umapornc@airasia.com") -> umapornc@airasia.com
A54: =IFERROR(__xludf.DUMMYFUNCTION("""COMPUTED_VALUE"""),1001319.0) -> 1001319 | B54: =IFERROR(__xludf.DUMMYFUNCTION("""COMPUTED_VALUE"""),"Mr.") -> Mr. | C54: =IFERROR(__xludf.DUMMYFUNCTION("""COMPUTED_VALUE"""),"Wipat") -> Wipat | D54: =IFERROR(__xludf.DUMMYFUNCTION("""COMPUTED_VALUE"""),"Lurkasemsuk") -> Lurkasemsuk | E54: =IFERROR(__xludf.DUMMYFUNCTION("""COMPUTED_VALUE"""),"Wipat Lurkasemsuk") -> Wipat Lurkasemsuk | F54: =IFERROR(__xludf.DUMMYFUNCTION("""COMPUTED_VALUE"""),"นาย") -> นาย | G54: =IFERROR(__xludf.DUMMYFUNCTION("""COMPUTED_VALUE"""),"วิพัฒน์") -> วิพัฒน์ | H54: =IFERROR(__xludf.DUMMYFUNCTION("""COMPUTED_VALUE"""),"ลือเกษมสุข") -> ลือเกษมสุข | I54: =IFERROR(__xludf.DUMMYFUNCTION("""COMPUTED_VALUE"""),"วิพัฒน์ ลือเกษมสุข") -> วิพัฒน์ ลือเกษมสุข | J54: =IFERROR(__xludf.DUMMYFUNCTION("""COMPUTED_VALUE"""),"Kelly") -> Kelly | K54: =IFERROR(__xludf.DUMMYFUNCTION("""COMPUTED_VALUE"""),"Senior Cabin Crew") -> Senior Cabin Crew | L54: =IFERROR(__xludf.DUMMYFUNCTION("""COMPUTED_VALUE"""),"DMK") -> DMK | M54: =IFERROR(__xludf.DUMMYFUNCTION("""COMPUTED_VALUE"""),"Um Home") -> Um Home | N54: =IFERROR(__xludf.DUMMYFUNCTION("""COMPUTED_VALUE"""),"Active") -> Active | P54: =IFERROR(__xludf.DUMMYFUNCTION("""COMPUTED_VALUE"""),29554.0) -> 29554 | Q54: =IFERROR(__xludf.DUMMYFUNCTION("""COMPUTED_VALUE"""),"084 641 1400") -> 084 641 1400 | R54: =IFERROR(__xludf.DUMMYFUNCTION("""COMPUTED_VALUE"""),"5950500-00-1084") -> 5950500-00-1084 | S54: =IFERROR(__xludf.DUMMYFUNCTION("""COMPUTED_VALUE"""),"AD1673882") -> AD1673882 | T54: =IFERROR(__xludf.DUMMYFUNCTION("""COMPUTED_VALUE"""),45328.0) -> 45328 | U54: =IFERROR(__xludf.DUMMYFUNCTION("""COMPUTED_VALUE"""),48980.0) -> 48980 | V54: =IFERROR(__xludf.DUMMYFUNCTION("""COMPUTED_VALUE"""),48796.0) -> 48796 | W54: =IFERROR(__xludf.DUMMYFUNCTION("""COMPUTED_VALUE"""),"ปลอดภัย") -> ปลอดภัย | X54: =IFERROR(__xludf.DUMMYFUNCTION("""COMPUTED_VALUE"""),"Yala Province") -> Yala Province | Y54: =IFERROR(__xludf.DUMMYFUNCTION("""COMPUTED_VALUE"""),"สวนหลวง") -> สวนหลวง | Z54: =IFERROR(__xludf.DUMMYFUNCTION("""COMPUTED_VALUE"""),"084 964 2098") -> 084 964 2098 | AA54: =IFERROR(__xludf.DUMMYFUNCTION("""COMPUTED_VALUE"""),"พี่สาว") -> พี่สาว | AB54: =IFERROR(__xludf.DUMMYFUNCTION("""COMPUTED_VALUE"""),"wipatl@airasia.com") -> wipatl@airasia.com
AB55: =IFERROR(__xludf.DUMMYFUNCTION("""COMPUTED_VALUE"""),"")
A56: =IFERROR(__xludf.DUMMYFUNCTION("""COMPUTED_VALUE"""),1001391.0) -> 1001391 | B56: =IFERROR(__xludf.DUMMYFUNCTION("""COMPUTED_VALUE"""),"Ms.") -> Ms. | C56: =IFERROR(__xludf.DUMMYFUNCTION("""COMPUTED_VALUE"""),"Fontip") -> Fontip | D56: =IFERROR(__xludf.DUMMYFUNCTION("""COMPUTED_VALUE"""),"Siriudomseth") -> Siriudomseth | E56: =IFERROR(__xludf.DUMMYFUNCTION("""COMPUTED_VALUE"""),"Fontip Siriudomseth") -> Fontip Siriudomseth | F56: =IFERROR(__xludf.DUMMYFUNCTION("""COMPUTED_VALUE"""),"นางสาว") -> นางสาว | G56: =IFERROR(__xludf.DUMMYFUNCTION("""COMPUTED_VALUE"""),"ฝนทิพย์") -> ฝนทิพย์ | H56: =IFERROR(__xludf.DUMMYFUNCTION("""COMPUTED_VALUE"""),"ศิริอุดมเศรษฐ") -> ศิริอุดมเศรษฐ | I56: =IFERROR(__xludf.DUMMYFUNCTION("""COMPUTED_VALUE"""),"ฝนทิพย์ ศิริอุดมเศรษฐ") -> ฝนทิพย์ ศิริอุดมเศรษฐ | J56: =IFERROR(__xludf.DUMMYFUNCTION("""COMPUTED_VALUE"""),"Fon") -> Fon | K56: =IFERROR(__xludf.DUMMYFUNCTION("""COMPUTED_VALUE"""),"Senior Cabin Crew - BKK") -> Senior Cabin Crew - BKK | L56: =IFERROR(__xludf.DUMMYFUNCTION("""COMPUTED_VALUE"""),"BKK") -> BKK | M56: =IFERROR(__xludf.DUMMYFUNCTION("""COMPUTED_VALUE"""),"Nhui Home") -> Nhui Home | N56: =IFERROR(__xludf.DUMMYFUNCTION("""COMPUTED_VALUE"""),"Active") -> Active | P56: =IFERROR(__xludf.DUMMYFUNCTION("""COMPUTED_VALUE"""),30609.0) -> 30609 | Q56: =IFERROR(__xludf.DUMMYFUNCTION("""COMPUTED_VALUE"""),"089 245 2326") -> 089 245 2326 | R56: =IFERROR(__xludf.DUMMYFUNCTION("""COMPUTED_VALUE"""),"5101799-02-2544") -> 5101799-02-2544 | S56: =IFERROR(__xludf.DUMMYFUNCTION("""COMPUTED_VALUE"""),"AC4602208") -> AC4602208 | T56: =IFERROR(__xludf.DUMMYFUNCTION("""COMPUTED_VALUE"""),44998.0) -> 44998 | U56: =IFERROR(__xludf.DUMMYFUNCTION("""COMPUTED_VALUE"""),48650.0) -> 48650 | V56: =IFERROR(__xludf.DUMMYFUNCTION("""COMPUTED_VALUE"""),48469.0) -> 48469 | W56: =IFERROR(__xludf.DUMMYFUNCTION("""COMPUTED_VALUE"""),"ปลอดภัย") -> ปลอดภัย | X56: =IFERROR(__xludf.DUMMYFUNCTION("""COMPUTED_VALUE"""),"Bangkok") -> Bangkok | Y56: =IFERROR(__xludf.DUMMYFUNCTION("""COMPUTED_VALUE"""),"บางกะปิ") -> บางกะปิ | Z56: =IFERROR(__xludf.DUMMYFUNCTION("""COMPUTED_VALUE"""),"081 843 6177") -> 081 843 6177 | AA56: =IFERROR(__xludf.DUMMYFUNCTION("""COMPUTED_VALUE"""),"สามี") -> สามี | AB56: =IFERROR(__xludf.DUMMYFUNCTION("""COMPUTED_VALUE"""),"fontips@airasia.com") -> fontips@airasia.com
A57: =IFERROR(__xludf.DUMMYFUNCTION("""COMPUTED_VALUE"""),1001392.0) -> 1001392 | B57: =IFERROR(__xludf.DUMMYFUNCTION("""COMPUTED_VALUE"""),"Ms.") -> Ms. | C57: =IFERROR(__xludf.DUMMYFUNCTION("""COMPUTED_VALUE"""),"Hataitip") -> Hataitip | D57: =IFERROR(__xludf.DUMMYFUNCTION("""COMPUTED_VALUE"""),"Chaichana") -> Chaichana | E57: =IFERROR(__xludf.DUMMYFUNCTION("""COMPUTED_VALUE"""),"Hataitip Chaichana") -> Hataitip Chaichana | F57: =IFERROR(__xludf.DUMMYFUNCTION("""COMPUTED_VALUE"""),"นางสาว") -> นางสาว | G57: =IFERROR(__xludf.DUMMYFUNCTION("""COMPUTED_VALUE"""),"หทัยทิพย์") -> หทัยทิพย์ | H57: =IFERROR(__xludf.DUMMYFUNCTION("""COMPUTED_VALUE"""),"ชัยชนะ") -> ชัยชนะ | I57: =IFERROR(__xludf.DUMMYFUNCTION("""COMPUTED_VALUE"""),"หทัยทิพย์ ชัยชนะ") -> หทัยทิพย์ ชัยชนะ | J57: =IFERROR(__xludf.DUMMYFUNCTION("""COMPUTED_VALUE"""),"Noon") -> Noon | K57: =IFERROR(__xludf.DUMMYFUNCTION("""COMPUTED_VALUE"""),"Senior Cabin Crew") -> Senior Cabin Crew | L57: =IFERROR(__xludf.DUMMYFUNCTION("""COMPUTED_VALUE"""),"DMK") -> DMK | M57: =IFERROR(__xludf.DUMMYFUNCTION("""COMPUTED_VALUE"""),"Um Home") -> Um Home | N57: =IFERROR(__xludf.DUMMYFUNCTION("""COMPUTED_VALUE"""),"Active") -> Active | P57: =IFERROR(__xludf.DUMMYFUNCTION("""COMPUTED_VALUE"""),31071.0) -> 31071 | Q57: =IFERROR(__xludf.DUMMYFUNCTION("""COMPUTED_VALUE"""),"094 646 2244") -> 094 646 2244 | R57: =IFERROR(__xludf.DUMMYFUNCTION("""COMPUTED_VALUE"""),"1509900-15-2771") -> 1509900-15-2771 | S57: =IFERROR(__xludf.DUMMYFUNCTION("""COMPUTED_VALUE"""),"AC6246980") -> AC6246980 | T57: =IFERROR(__xludf.DUMMYFUNCTION("""COMPUTED_VALUE"""),45309.0) -> 45309 | U57: =IFERROR(__xludf.DUMMYFUNCTION("""COMPUTED_VALUE"""),48961.0) -> 48961 | V57: =IFERROR(__xludf.DUMMYFUNCTION("""COMPUTED_VALUE"""),48777.0) -> 48777 | W57: =IFERROR(__xludf.DUMMYFUNCTION("""COMPUTED_VALUE"""),"ปลอดภัย") -> ปลอดภัย | X57: =IFERROR(__xludf.DUMMYFUNCTION("""COMPUTED_VALUE"""),"Chiang Mai Province") -> Chiang Mai Province | Y57: =IFERROR(__xludf.DUMMYFUNCTION("""COMPUTED_VALUE"""),"บางกะปิ") -> บางกะปิ | Z57: =IFERROR(__xludf.DUMMYFUNCTION("""COMPUTED_VALUE"""),"087 516 5665") -> 087 516 5665 | AA57: =IFERROR(__xludf.DUMMYFUNCTION("""COMPUTED_VALUE"""),"สามี") -> สามี | AB57: =IFERROR(__xludf.DUMMYFUNCTION("""COMPUTED_VALUE"""),"hataitipc@airasia.com") -> hataitipc@airasia.com
A58: =IFERROR(__xludf.DUMMYFUNCTION("""COMPUTED_VALUE"""),1001393.0) -> 1001393 | B58: =IFERROR(__xludf.DUMMYFUNCTION("""COMPUTED_VALUE"""),"Ms.") -> Ms. | C58: =IFERROR(__xludf.DUMMYFUNCTION("""COMPUTED_VALUE"""),"Natthima") -> Natthima | D58: =IFERROR(__xludf.DUMMYFUNCTION("""COMPUTED_VALUE"""),"Dolchalermkiat") -> Dolchalermkiat | E58: =IFERROR(__xludf.DUMMYFUNCTION("""COMPUTED_VALUE"""),"Natthima Dolchalermkiat") -> Natthima Dolchalermkiat | F58: =IFERROR(__xludf.DUMMYFUNCTION("""COMPUTED_VALUE"""),"นางสาว") -> นางสาว | G58: =IFERROR(__xludf.DUMMYFUNCTION("""COMPUTED_VALUE"""),"ณัฏฐิมา") -> ณัฏฐิมา | H58: =IFERROR(__xludf.DUMMYFUNCTION("""COMPUTED_VALUE"""),"ดลเฉลิมเกียรติ") -> ดลเฉลิมเกียรติ | I58: =IFERROR(__xludf.DUMMYFUNCTION("""COMPUTED_VALUE"""),"ณัฏฐิมา ดลเฉลิมเกียรติ") -> ณัฏฐิมา ดลเฉลิมเกียรติ | J58: =IFERROR(__xludf.DUMMYFUNCTION("""COMPUTED_VALUE"""),"June") -> June | K58: =IFERROR(__xludf.DUMMYFUNCTION("""COMPUTED_VALUE"""),"Senior Cabin Crew") -> Senior Cabin Crew | L58: =IFERROR(__xludf.DUMMYFUNCTION("""COMPUTED_VALUE"""),"DMK") -> DMK | M58: =IFERROR(__xludf.DUMMYFUNCTION("""COMPUTED_VALUE"""),"Toffy Home") -> Toffy Home | N58: =IFERROR(__xludf.DUMMYFUNCTION("""COMPUTED_VALUE"""),"Active") -> Active | O58: =IFERROR(__xludf.DUMMYFUNCTION("""COMPUTED_VALUE"""),"Chinese Speaking") -> Chinese Speaking | P58: =IFERROR(__xludf.DUMMYFUNCTION("""COMPUTED_VALUE"""),30743.0) -> 30743 | Q58: =IFERROR(__xludf.DUMMYFUNCTION("""COMPUTED_VALUE"""),"085 826 9159") -> 085 826 9159 | R58: =IFERROR(__xludf.DUMMYFUNCTION("""COMPUTED_VALUE"""),"1100400-01-6149") -> 1100400-01-6149 | S58: =IFERROR(__xludf.DUMMYFUNCTION("""COMPUTED_VALUE"""),"AC6740504") -> AC6740504 | T58: =IFERROR(__xludf.DUMMYFUNCTION("""COMPUTED_VALUE"""),45420.0) -> 45420 | U58: =IFERROR(__xludf.DUMMYFUNCTION("""COMPUTED_VALUE"""),49071.0) -> 49071 | V58: =IFERROR(__xludf.DUMMYFUNCTION("""COMPUTED_VALUE"""),48890.0) -> 48890 | W58: =IFERROR(__xludf.DUMMYFUNCTION("""COMPUTED_VALUE"""),"ปลอดภัย") -> ปลอดภัย | X58: =IFERROR(__xludf.DUMMYFUNCTION("""COMPUTED_VALUE"""),"Bangkok") -> Bangkok | Y58: =IFERROR(__xludf.DUMMYFUNCTION("""COMPUTED_VALUE"""),"สาธร") -> สาธร | Z58: =IFERROR(__xludf.DUMMYFUNCTION("""COMPUTED_VALUE"""),"02 211 4252") -> 02 211 4252 | AA58: =IFERROR(__xludf.DUMMYFUNCTION("""COMPUTED_VALUE"""),"แม่") -> แม่ | AB58: =IFERROR(__xludf.DUMMYFUNCTION("""COMPUTED_VALUE"""),"natthimad@airasia.com") -> natthimad@airasia.com
A59: =IFERROR(__xludf.DUMMYFUNCTION("""COMPUTED_VALUE"""),1001394.0) -> 1001394 | B59: =IFERROR(__xludf.DUMMYFUNCTION("""COMPUTED_VALUE"""),"Ms.") -> Ms. | C59: =IFERROR(__xludf.DUMMYFUNCTION("""COMPUTED_VALUE"""),"Noppawan") -> Noppawan | D59: =IFERROR(__xludf.DUMMYFUNCTION("""COMPUTED_VALUE"""),"Sangpiroon") -> Sangpiroon | E59: =IFERROR(__xludf.DUMMYFUNCTION("""COMPUTED_VALUE"""),"Noppawan Sangpiroon") -> Noppawan Sangpiroon | F59: =IFERROR(__xludf.DUMMYFUNCTION("""COMPUTED_VALUE"""),"นางสาว") -> นางสาว | G59: =IFERROR(__xludf.DUMMYFUNCTION("""COMPUTED_VALUE"""),"นพวรรณ") -> นพวรรณ | H59: =IFERROR(__xludf.DUMMYFUNCTION("""COMPUTED_VALUE"""),"แสงพิรุณ") -> แสงพิรุณ | I59: =IFERROR(__xludf.DUMMYFUNCTION("""COMPUTED_VALUE"""),"นพวรรณ แสงพิรุณ") -> นพวรรณ แสงพิรุณ | J59: =IFERROR(__xludf.DUMMYFUNCTION("""COMPUTED_VALUE"""),"Nui") -> Nui | K59: =IFERROR(__xludf.DUMMYFUNCTION("""COMPUTED_VALUE"""),"Senior Cabin Crew") -> Senior Cabin Crew | L59: =IFERROR(__xludf.DUMMYFUNCTION("""COMPUTED_VALUE"""),"DMK") -> DMK | M59: =IFERROR(__xludf.DUMMYFUNCTION("""COMPUTED_VALUE"""),"Toffy Home") -> Toffy Home | N59: =IFERROR(__xludf.DUMMYFUNCTION("""COMPUTED_VALUE"""),"Active") -> Active | P59: =IFERROR(__xludf.DUMMYFUNCTION("""COMPUTED_VALUE"""),30627.0) -> 30627 | Q59: =IFERROR(__xludf.DUMMYFUNCTION("""COMPUTED_VALUE"""),"088 241 6944") -> 088 241 6944 | R59: =IFERROR(__xludf.DUMMYFUNCTION("""COMPUTED_VALUE"""),"3100501-51-5431") -> 3100501-51-5431 | S59: =IFERROR(__xludf.DUMMYFUNCTION("""COMPUTED_VALUE"""),"AD1845500") -> AD1845500 | T59: =IFERROR(__xludf.DUMMYFUNCTION("""COMPUTED_VALUE"""),45473.0) -> 45473 | U59: =IFERROR(__xludf.DUMMYFUNCTION("""COMPUTED_VALUE"""),49124.0) -> 49124 | V59: =IFERROR(__xludf.DUMMYFUNCTION("""COMPUTED_VALUE"""),48942.0) -> 48942 | W59: =IFERROR(__xludf.DUMMYFUNCTION("""COMPUTED_VALUE"""),"ปลอดภัย") -> ปลอดภัย | X59: =IFERROR(__xludf.DUMMYFUNCTION("""COMPUTED_VALUE"""),"Bangkok") -> Bangkok | Y59: =IFERROR(__xludf.DUMMYFUNCTION("""COMPUTED_VALUE"""),"ลำลูกกา") -> ลำลูกกา | Z59: =IFERROR(__xludf.DUMMYFUNCTION("""COMPUTED_VALUE"""),"081 668 8827") -> 081 668 8827 | AA59: =IFERROR(__xludf.DUMMYFUNCTION("""COMPUTED_VALUE"""),"แม่") -> แม่ | AB59: =IFERROR(__xludf.DUMMYFUNCTION("""COMPUTED_VALUE"""),"noppawans@airasia.com") -> noppawans@airasia.com
A60: =IFERROR(__xludf.DUMMYFUNCTION("""COMPUTED_VALUE"""),1001395.0) -> 1001395 | B60: =IFERROR(__xludf.DUMMYFUNCTION("""COMPUTED_VALUE"""),"Ms.") -> Ms. | C60: =IFERROR(__xludf.DUMMYFUNCTION("""COMPUTED_VALUE"""),"Phadsawan") -> Phadsawan | D60: =IFERROR(__xludf.DUMMYFUNCTION("""COMPUTED_VALUE"""),"Inthaphun") -> Inthaphun | E60: =IFERROR(__xludf.DUMMYFUNCTION("""COMPUTED_VALUE"""),"Phadsawan Inthaphun") -> Phadsawan Inthaphun | F60: =IFERROR(__xludf.DUMMYFUNCTION("""COMPUTED_VALUE"""),"นางสาว") -> นางสาว | G60: =IFERROR(__xludf.DUMMYFUNCTION("""COMPUTED_VALUE"""),"ภาสวรรณ") -> ภาสวรรณ | H60: =IFERROR(__xludf.DUMMYFUNCTION("""COMPUTED_VALUE"""),"อินทพันธุ์") -> อินทพันธุ์ | I60: =IFERROR(__xludf.DUMMYFUNCTION("""COMPUTED_VALUE"""),"ภาสวรรณ อินทพันธุ์") -> ภาสวรรณ อินทพันธุ์ | J60: =IFERROR(__xludf.DUMMYFUNCTION("""COMPUTED_VALUE"""),"Yim") -> Yim | K60: =IFERROR(__xludf.DUMMYFUNCTION("""COMPUTED_VALUE"""),"Cabin Crew - HKT") -> Cabin Crew - HKT | L60: =IFERROR(__xludf.DUMMYFUNCTION("""COMPUTED_VALUE"""),"HKT") -> HKT | M60: =IFERROR(__xludf.DUMMYFUNCTION("""COMPUTED_VALUE"""),"Kor Home") -> Kor Home | N60: =IFERROR(__xludf.DUMMYFUNCTION("""COMPUTED_VALUE"""),"Active") -> Active | P60: =IFERROR(__xludf.DUMMYFUNCTION("""COMPUTED_VALUE"""),30411.0) -> 30411 | Q60: =IFERROR(__xludf.DUMMYFUNCTION("""COMPUTED_VALUE"""),"085 241 6969") -> 085 241 6969 | R60: =IFERROR(__xludf.DUMMYFUNCTION("""COMPUTED_VALUE"""),"3560600-33-6981") -> 3560600-33-6981 | S60: =IFERROR(__xludf.DUMMYFUNCTION("""COMPUTED_VALUE"""),"AC4403277") -> AC4403277 | T60: =IFERROR(__xludf.DUMMYFUNCTION("""COMPUTED_VALUE"""),44944.0) -> 44944 | U60: =IFERROR(__xludf.DUMMYFUNCTION("""COMPUTED_VALUE"""),48596.0) -> 48596 | V60: =IFERROR(__xludf.DUMMYFUNCTION("""COMPUTED_VALUE"""),48412.0) -> 48412 | W60: =IFERROR(__xludf.DUMMYFUNCTION("""COMPUTED_VALUE"""),"ปลอดภัย") -> ปลอดภัย | X60: =IFERROR(__xludf.DUMMYFUNCTION("""COMPUTED_VALUE"""),"Phayao Province") -> Phayao Province | Y60: =IFERROR(__xludf.DUMMYFUNCTION("""COMPUTED_VALUE"""),"ลาดพร้าว") -> ลาดพร้าว | Z60: =IFERROR(__xludf.DUMMYFUNCTION("""COMPUTED_VALUE"""),"! Update !") -> ! Update ! | AA60: =IFERROR(__xludf.DUMMYFUNCTION("""COMPUTED_VALUE"""),"! Update !") -> ! Update ! | AB60: =IFERROR(__xludf.DUMMYFUNCTION("""COMPUTED_VALUE"""),"phadsawani@airasia.com") -> phadsawani@airasia.com
A61: =IFERROR(__xludf.DUMMYFUNCTION("""COMPUTED_VALUE"""),1001397.0) -> 1001397 | B61: =IFERROR(__xludf.DUMMYFUNCTION("""COMPUTED_VALUE"""),"Ms.") -> Ms. | C61: =IFERROR(__xludf.DUMMYFUNCTION("""COMPUTED_VALUE"""),"Sukanya") -> Sukanya | D61: =IFERROR(__xludf.DUMMYFUNCTION("""COMPUTED_VALUE"""),"Kareepet") -> Kareepet | E61: =IFERROR(__xludf.DUMMYFUNCTION("""COMPUTED_VALUE"""),"Sukanya Kareepet") -> Sukanya Kareepet | F61: =IFERROR(__xludf.DUMMYFUNCTION("""COMPUTED_VALUE"""),"นางสาว") -> นางสาว | G61: =IFERROR(__xludf.DUMMYFUNCTION("""COMPUTED_VALUE"""),"สุกัญญา") -> สุกัญญา | H61: =IFERROR(__xludf.DUMMYFUNCTION("""COMPUTED_VALUE"""),"การีเพ็ชร์") -> การีเพ็ชร์ | I61: =IFERROR(__xludf.DUMMYFUNCTION("""COMPUTED_VALUE"""),"สุกัญญา การีเพ็ชร์") -> สุกัญญา การีเพ็ชร์ | J61: =IFERROR(__xludf.DUMMYFUNCTION("""COMPUTED_VALUE"""),"Tua") -> Tua | K61: =IFERROR(__xludf.DUMMYFUNCTION("""COMPUTED_VALUE"""),"Senior Cabin Crew") -> Senior Cabin Crew | L61: =IFERROR(__xludf.DUMMYFUNCTION("""COMPUTED_VALUE"""),"DMK") -> DMK | M61: =IFERROR(__xludf.DUMMYFUNCTION("""COMPUTED_VALUE"""),"Kor Home") -> Kor Home | N61: =IFERROR(__xludf.DUMMYFUNCTION("""COMPUTED_VALUE"""),"Active") -> Active | P61: =IFERROR(__xludf.DUMMYFUNCTION("""COMPUTED_VALUE"""),28426.0) -> 28426 | Q61: =IFERROR(__xludf.DUMMYFUNCTION("""COMPUTED_VALUE"""),"089 559 6545") -> 089 559 6545 | R61: =IFERROR(__xludf.DUMMYFUNCTION("""COMPUTED_VALUE"""),"3101500-63-4411") -> 3101500-63-4411 | S61: =IFERROR(__xludf.DUMMYFUNCTION("""COMPUTED_VALUE"""),"AC3160509") -> AC3160509 | T61: =IFERROR(__xludf.DUMMYFUNCTION("""COMPUTED_VALUE"""),44700.0) -> 44700 | U61: =IFERROR(__xludf.DUMMYFUNCTION("""COMPUTED_VALUE"""),48352.0) -> 48352 | V61: =IFERROR(__xludf.DUMMYFUNCTION("""COMPUTED_VALUE"""),48170.0) -> 48170 | W61: =IFERROR(__xludf.DUMMYFUNCTION("""COMPUTED_VALUE"""),"ปลอดภัย") -> ปลอดภัย | X61: =IFERROR(__xludf.DUMMYFUNCTION("""COMPUTED_VALUE"""),"Bangkok") -> Bangkok | Y61: =IFERROR(__xludf.DUMMYFUNCTION("""COMPUTED_VALUE"""),"บางเสาธง") -> บางเสาธง | Z61: =IFERROR(__xludf.DUMMYFUNCTION("""COMPUTED_VALUE"""),"083 887 3107") -> 083 887 3107 | AA61: =IFERROR(__xludf.DUMMYFUNCTION("""COMPUTED_VALUE"""),"แม่") -> แม่ | AB61: =IFERROR(__xludf.DUMMYFUNCTION("""COMPUTED_VALUE"""),"sukanyak@airasia.com") -> sukanyak@airasia.com
AB62: =IFERROR(__xludf.DUMMYFUNCTION("""COMPUTED_VALUE"""),"")
A63: =IFERROR(__xludf.DUMMYFUNCTION("""COMPUTED_VALUE"""),1001609.0) -> 1001609 | B63: =IFERROR(__xludf.DUMMYFUNCTION("""COMPUTED_VALUE"""),"Ms.") -> Ms. | C63: =IFERROR(__xludf.DUMMYFUNCTION("""COMPUTED_VALUE"""),"Kanya") -> Kanya | D63: =IFERROR(__xludf.DUMMYFUNCTION("""COMPUTED_VALUE"""),"Vivattanatipa") -> Vivattanatipa | E63: =IFERROR(__xludf.DUMMYFUNCTION("""COMPUTED_VALUE"""),"Kanya Vivattanatipa") -> Kanya Vivattanatipa | F63: =IFERROR(__xludf.DUMMYFUNCTION("""COMPUTED_VALUE"""),"นางสาว") -> นางสาว | G63: =IFERROR(__xludf.DUMMYFUNCTION("""COMPUTED_VALUE"""),"กัญญา") -> กัญญา | H63: =IFERROR(__xludf.DUMMYFUNCTION("""COMPUTED_VALUE"""),"วิวัฒนทีปะ") -> วิวัฒนทีปะ | I63: =IFERROR(__xludf.DUMMYFUNCTION("""COMPUTED_VALUE"""),"กัญญา วิวัฒนทีปะ") -> กัญญา วิวัฒนทีปะ | J63: =IFERROR(__xludf.DUMMYFUNCTION("""COMPUTED_VALUE"""),"Kan") -> Kan | K63: =IFERROR(__xludf.DUMMYFUNCTION("""COMPUTED_VALUE"""),"Senior Cabin Crew - BKK") -> Senior Cabin Crew - BKK | L63: =IFERROR(__xludf.DUMMYFUNCTION("""COMPUTED_VALUE"""),"BKK") -> BKK | M63: =IFERROR(__xludf.DUMMYFUNCTION("""COMPUTED_VALUE"""),"Nhui Home") -> Nhui Home | N63: =IFERROR(__xludf.DUMMYFUNCTION("""COMPUTED_VALUE"""),"Active/V/DMK") -> Active/V/DMK | O63: =IFERROR(__xludf.DUMMYFUNCTION("""COMPUTED_VALUE"""),"Chinese Speaking") -> Chinese Speaking | P63: =IFERROR(__xludf.DUMMYFUNCTION("""COMPUTED_VALUE"""),30040.0) -> 30040 | Q63: =IFERROR(__xludf.DUMMYFUNCTION("""COMPUTED_VALUE"""),"092 282 8959") -> 092 282 8959 | R63: =IFERROR(__xludf.DUMMYFUNCTION("""COMPUTED_VALUE"""),"5100900-08-5631") -> 5100900-08-5631 | S63: =IFERROR(__xludf.DUMMYFUNCTION("""COMPUTED_VALUE"""),"AC6207772") -> AC6207772 | T63: =IFERROR(__xludf.DUMMYFUNCTION("""COMPUTED_VALUE"""),45295.0) -> 45295 | U63: =IFERROR(__xludf.DUMMYFUNCTION("""COMPUTED_VALUE"""),48947.0) -> 48947 | V63: =IFERROR(__xludf.DUMMYFUNCTION("""COMPUTED_VALUE"""),48763.0) -> 48763 | W63: =IFERROR(__xludf.DUMMYFUNCTION("""COMPUTED_VALUE"""),"ปลอดภัย") -> ปลอดภัย | X63: =IFERROR(__xludf.DUMMYFUNCTION("""COMPUTED_VALUE"""),"Bangkok") -> Bangkok | Y63: =IFERROR(__xludf.DUMMYFUNCTION("""COMPUTED_VALUE"""),"มีนบุรี") -> มีนบุรี | Z63: =IFERROR(__xludf.DUMMYFUNCTION("""COMPUTED_VALUE"""),"02 517 0721") -> 02 517 0721 | AA63: =IFERROR(__xludf.DUMMYFUNCTION("""COMPUTED_VALUE"""),"บ้าน") -> บ้าน | AB63: =IFERROR(__xludf.DUMMYFUNCTION("""COMPUTED_VALUE"""),"kanyav@airasia.com") -> kanyav@airasia.com
A64: =IFERROR(__xludf.DUMMYFUNCTION("""COMPUTED_VALUE"""),1001611.0) -> 1001611 | B64: =IFERROR(__xludf.DUMMYFUNCTION("""COMPUTED_VALUE"""),"Mr.") -> Mr. | C64: =IFERROR(__xludf.DUMMYFUNCTION("""COMPUTED_VALUE"""),"Nattaporl") -> Nattaporl | D64: =IFERROR(__xludf.DUMMYFUNCTION("""COMPUTED_VALUE"""),"Suktalordcheep") -> Suktalordcheep | E64: =IFERROR(__xludf.DUMMYFUNCTION("""COMPUTED_VALUE"""),"Nattaporl Suktalordcheep") -> Nattaporl Suktalordcheep | F64: =IFERROR(__xludf.DUMMYFUNCTION("""COMPUTED_VALUE"""),"นาย") -> นาย | G64: =IFERROR(__xludf.DUMMYFUNCTION("""COMPUTED_VALUE"""),"ณัฐพล") -> ณัฐพล | H64: =IFERROR(__xludf.DUMMYFUNCTION("""COMPUTED_VALUE"""),"สุขตลอดชีพ") -> สุขตลอดชีพ | I64: =IFERROR(__xludf.DUMMYFUNCTION("""COMPUTED_VALUE"""),"ณัฐพล สุขตลอดชีพ") -> ณัฐพล สุขตลอดชีพ | J64: =IFERROR(__xludf.DUMMYFUNCTION("""COMPUTED_VALUE"""),"Champ") -> Champ | K64: =IFERROR(__xludf.DUMMYFUNCTION("""COMPUTED_VALUE"""),"Cabin Crew") -> Cabin Crew | L64: =IFERROR(__xludf.DUMMYFUNCTION("""COMPUTED_VALUE"""),"DMK") -> DMK | M64: =IFERROR(__xludf.DUMMYFUNCTION("""COMPUTED_VALUE"""),"Nhui Home") -> Nhui Home | N64: =IFERROR(__xludf.DUMMYFUNCTION("""COMPUTED_VALUE"""),"Active") -> Active | P64: =IFERROR(__xludf.DUMMYFUNCTION("""COMPUTED_VALUE"""),29843.0) -> 29843 | Q64: =IFERROR(__xludf.DUMMYFUNCTION("""COMPUTED_VALUE"""),"081 937 1170") -> 081 937 1170 | R64: =IFERROR(__xludf.DUMMYFUNCTION("""COMPUTED_VALUE"""),"3102001-72-4181") -> 3102001-72-4181 | S64: =IFERROR(__xludf.DUMMYFUNCTION("""COMPUTED_VALUE"""),"AC5442039") -> AC5442039 | T64: =IFERROR(__xludf.DUMMYFUNCTION("""COMPUTED_VALUE"""),45132.0) -> 45132 | U64: =IFERROR(__xludf.DUMMYFUNCTION("""COMPUTED_VALUE"""),48784.0) -> 48784 | V64: =IFERROR(__xludf.DUMMYFUNCTION("""COMPUTED_VALUE"""),48603.0) -> 48603 | W64: =IFERROR(__xludf.DUMMYFUNCTION("""COMPUTED_VALUE"""),"ปลอดภัย") -> ปลอดภัย | X64: =IFERROR(__xludf.DUMMYFUNCTION("""COMPUTED_VALUE"""),"Bangkok") -> Bangkok | Y64: =IFERROR(__xludf.DUMMYFUNCTION("""COMPUTED_VALUE"""),"ตลิ่งชัน") -> ตลิ่งชัน | Z64: =IFERROR(__xludf.DUMMYFUNCTION("""COMPUTED_VALUE"""),"02 433 1847") -> 02 433 1847 | AA64: =IFERROR(__xludf.DUMMYFUNCTION("""COMPUTED_VALUE"""),"บ้าน") -> บ้าน | AB64: =IFERROR(__xludf.DUMMYFUNCTION("""COMPUTED_VALUE"""),"nattaporls@airasia.com") -> nattaporls@airasia.com
A65: =IFERROR(__xludf.DUMMYFUNCTION("""COMPUTED_VALUE"""),1001614.0) -> 1001614 | B65: =IFERROR(__xludf.DUMMYFUNCTION("""COMPUTED_VALUE"""),"Ms.") -> Ms. | C65: =IFERROR(__xludf.DUMMYFUNCTION("""COMPUTED_VALUE"""),"Sanlaya") -> Sanlaya | D65: =IFERROR(__xludf.DUMMYFUNCTION("""COMPUTED_VALUE"""),"Kanrarat") -> Kanrarat | E65: =IFERROR(__xludf.DUMMYFUNCTION("""COMPUTED_VALUE"""),"Sanlaya Kanrarat") -> Sanlaya Kanrarat | F65: =IFERROR(__xludf.DUMMYFUNCTION("""COMPUTED_VALUE"""),"นางสาว") -> นางสาว | G65: =IFERROR(__xludf.DUMMYFUNCTION("""COMPUTED_VALUE"""),"ศัลยา") -> ศัลยา | H65: =IFERROR(__xludf.DUMMYFUNCTION("""COMPUTED_VALUE"""),"กาฬรัตน์") -> กาฬรัตน์ | I65: =IFERROR(__xludf.DUMMYFUNCTION("""COMPUTED_VALUE"""),"ศัลยา กาฬรัตน์") -> ศัลยา กาฬรัตน์ | J65: =IFERROR(__xludf.DUMMYFUNCTION("""COMPUTED_VALUE"""),"Jan") -> Jan | K65: =IFERROR(__xludf.DUMMYFUNCTION("""COMPUTED_VALUE"""),"Senior Cabin Crew") -> Senior Cabin Crew | L65: =IFERROR(__xludf.DUMMYFUNCTION("""COMPUTED_VALUE"""),"DMK") -> DMK | M65: =IFERROR(__xludf.DUMMYFUNCTION("""COMPUTED_VALUE"""),"Toffy Home") -> Toffy Home | N65: =IFERROR(__xludf.DUMMYFUNCTION("""COMPUTED_VALUE"""),"Active") -> Active | P65: =IFERROR(__xludf.DUMMYFUNCTION("""COMPUTED_VALUE"""),29442.0) -> 29442 | Q65: =IFERROR(__xludf.DUMMYFUNCTION("""COMPUTED_VALUE"""),"093 536 6451") -> 093 536 6451 | R65: =IFERROR(__xludf.DUMMYFUNCTION("""COMPUTED_VALUE"""),"3659900-59-0014") -> 3659900-59-0014 | S65: =IFERROR(__xludf.DUMMYFUNCTION("""COMPUTED_VALUE"""),"AC2612196") -> AC2612196 | T65: =IFERROR(__xludf.DUMMYFUNCTION("""COMPUTED_VALUE"""),44539.0) -> 44539 | U65: =IFERROR(__xludf.DUMMYFUNCTION("""COMPUTED_VALUE"""),48190.0) -> 48190 | V65: =IFERROR(__xludf.DUMMYFUNCTION("""COMPUTED_VALUE"""),48007.0) -> 48007 | W65: =IFERROR(__xludf.DUMMYFUNCTION("""COMPUTED_VALUE"""),"ปลอดภัย") -> ปลอดภัย | X65: =IFERROR(__xludf.DUMMYFUNCTION("""COMPUTED_VALUE"""),"Bangkok") -> Bangkok | Y65: =IFERROR(__xludf.DUMMYFUNCTION("""COMPUTED_VALUE"""),"นนทบุรี ปากเกร็ด") -> นนทบุรี ปากเกร็ด | Z65: =IFERROR(__xludf.DUMMYFUNCTION("""COMPUTED_VALUE"""),"087 656 4447") -> 087 656 4447 | AA65: =IFERROR(__xludf.DUMMYFUNCTION("""COMPUTED_VALUE"""),"แฟน") -> แฟน | AB65: =IFERROR(__xludf.DUMMYFUNCTION("""COMPUTED_VALUE"""),"sanlayak@airasia.com") -> sanlayak@airasia.com
A66: =IFERROR(__xludf.DUMMYFUNCTION("""COMPUTED_VALUE"""),1001615.0) -> 1001615 | B66: =IFERROR(__xludf.DUMMYFUNCTION("""COMPUTED_VALUE"""),"Ms.") -> Ms. | C66: =IFERROR(__xludf.DUMMYFUNCTION("""COMPUTED_VALUE"""),"Sansanee") -> Sansanee | D66: =IFERROR(__xludf.DUMMYFUNCTION("""COMPUTED_VALUE"""),"Chittiboonruan") -> Chittiboonruan | E66: =IFERROR(__xludf.DUMMYFUNCTION("""COMPUTED_VALUE"""),"Sansanee Chittiboonruan") -> Sansanee Chittiboonruan | F66: =IFERROR(__xludf.DUMMYFUNCTION("""COMPUTED_VALUE"""),"นางสาว") -> นางสาว | G66: =IFERROR(__xludf.DUMMYFUNCTION("""COMPUTED_VALUE"""),"ศันษณีย์") -> ศันษณีย์ | H66: =IFERROR(__xludf.DUMMYFUNCTION("""COMPUTED_VALUE"""),"จิตติบุญเรือน") -> จิตติบุญเรือน | I66: =IFERROR(__xludf.DUMMYFUNCTION("""COMPUTED_VALUE"""),"ศันษณีย์ จิตติบุญเรือน") -> ศันษณีย์ จิตติบุญเรือน | J66: =IFERROR(__xludf.DUMMYFUNCTION("""COMPUTED_VALUE"""),"Yoo Yoo") -> Yoo Yoo | K66: =IFERROR(__xludf.DUMMYFUNCTION("""COMPUTED_VALUE"""),"Senior Cabin Crew") -> Senior Cabin Crew | L66: =IFERROR(__xludf.DUMMYFUNCTION("""COMPUTED_VALUE"""),"DMK") -> DMK | M66: =IFERROR(__xludf.DUMMYFUNCTION("""COMPUTED_VALUE"""),"Namfon Home") -> Namfon Home | N66: =IFERROR(__xludf.DUMMYFUNCTION("""COMPUTED_VALUE"""),"Active") -> Active | P66: =IFERROR(__xludf.DUMMYFUNCTION("""COMPUTED_VALUE"""),29085.0) -> 29085 | Q66: =IFERROR(__xludf.DUMMYFUNCTION("""COMPUTED_VALUE"""),"085 659 5459") -> 085 659 5459 | R66: =IFERROR(__xludf.DUMMYFUNCTION("""COMPUTED_VALUE"""),"3100600-77-8448") -> 3100600-77-8448 | S66: =IFERROR(__xludf.DUMMYFUNCTION("""COMPUTED_VALUE"""),"AC4494462") -> AC4494462 | T66: =IFERROR(__xludf.DUMMYFUNCTION("""COMPUTED_VALUE"""),44998.0) -> 44998 | U66: =IFERROR(__xludf.DUMMYFUNCTION("""COMPUTED_VALUE"""),48650.0) -> 48650 | V66: =IFERROR(__xludf.DUMMYFUNCTION("""COMPUTED_VALUE"""),48469.0) -> 48469 | W66: =IFERROR(__xludf.DUMMYFUNCTION("""COMPUTED_VALUE"""),"ปลอดภัย") -> ปลอดภัย | X66: =IFERROR(__xludf.DUMMYFUNCTION("""COMPUTED_VALUE"""),"Bangkok") -> Bangkok | Y66: =IFERROR(__xludf.DUMMYFUNCTION("""COMPUTED_VALUE"""),"วังทองหลาง") -> วังทองหลาง | Z66: =IFERROR(__xludf.DUMMYFUNCTION("""COMPUTED_VALUE"""),"085 174 8798") -> 085 174 8798 | AA66: =IFERROR(__xludf.DUMMYFUNCTION("""COMPUTED_VALUE"""),"ป้า") -> ป้า | AB66: =IFERROR(__xludf.DUMMYFUNCTION("""COMPUTED_VALUE"""),"sansaneec@airasia.com") -> sansaneec@airasia.com
A67: =IFERROR(__xludf.DUMMYFUNCTION("""COMPUTED_VALUE"""),1001616.0) -> 1001616 | B67: =IFERROR(__xludf.DUMMYFUNCTION("""COMPUTED_VALUE"""),"Ms.") -> Ms. | C67: =IFERROR(__xludf.DUMMYFUNCTION("""COMPUTED_VALUE"""),"Supaporn") -> Supaporn | D67: =IFERROR(__xludf.DUMMYFUNCTION("""COMPUTED_VALUE"""),"Pringploed") -> Pringploed | E67: =IFERROR(__xludf.DUMMYFUNCTION("""COMPUTED_VALUE"""),"Supaporn Pringploed") -> Supaporn Pringploed | F67: =IFERROR(__xludf.DUMMYFUNCTION("""COMPUTED_VALUE"""),"นางสาว") -> นางสาว | G67: =IFERROR(__xludf.DUMMYFUNCTION("""COMPUTED_VALUE"""),"สุภาพร") -> สุภาพร | H67: =IFERROR(__xludf.DUMMYFUNCTION("""COMPUTED_VALUE"""),"พริ้งเพลิด") -> พริ้งเพลิด | I67: =IFERROR(__xludf.DUMMYFUNCTION("""COMPUTED_VALUE"""),"สุภาพร พริ้งเพลิด") -> สุภาพร พริ้งเพลิด | J67: =IFERROR(__xludf.DUMMYFUNCTION("""COMPUTED_VALUE"""),"Oil (Snail)") -> Oil (Snail) | K67: =IFERROR(__xludf.DUMMYFUNCTION("""COMPUTED_VALUE"""),"Senior Cabin Crew - CNX") -> Senior Cabin Crew - CNX | L67: =IFERROR(__xludf.DUMMYFUNCTION("""COMPUTED_VALUE"""),"CNX") -> CNX | M67: =IFERROR(__xludf.DUMMYFUNCTION("""COMPUTED_VALUE"""),"Up Home") -> Up Home | N67: =IFERROR(__xludf.DUMMYFUNCTION("""COMPUTED_VALUE"""),"Active") -> Active | P67: =IFERROR(__xludf.DUMMYFUNCTION("""COMPUTED_VALUE"""),29738.0) -> 29738 | Q67: =IFERROR(__xludf.DUMMYFUNCTION("""COMPUTED_VALUE"""),"099 235 4246") -> 099 235 4246 | R67: =IFERROR(__xludf.DUMMYFUNCTION("""COMPUTED_VALUE"""),"3559900-01-8389") -> 3559900-01-8389 | S67: =IFERROR(__xludf.DUMMYFUNCTION("""COMPUTED_VALUE"""),"AD2075728") -> AD2075728 | T67: =IFERROR(__xludf.DUMMYFUNCTION("""COMPUTED_VALUE"""),45719.0) -> 45719 | U67: =IFERROR(__xludf.DUMMYFUNCTION("""COMPUTED_VALUE"""),49370.0) -> 49370 | V67: =IFERROR(__xludf.DUMMYFUNCTION("""COMPUTED_VALUE"""),49189.0) -> 49189 | W67: =IFERROR(__xludf.DUMMYFUNCTION("""COMPUTED_VALUE"""),"ปลอดภัย") -> ปลอดภัย | X67: =IFERROR(__xludf.DUMMYFUNCTION("""COMPUTED_VALUE"""),"Nan Province") -> Nan Province | Y67: =IFERROR(__xludf.DUMMYFUNCTION("""COMPUTED_VALUE"""),"ดอนเมือง") -> ดอนเมือง | Z67: =IFERROR(__xludf.DUMMYFUNCTION("""COMPUTED_VALUE"""),"02 929 5962") -> 02 929 5962 | AA67: =IFERROR(__xludf.DUMMYFUNCTION("""COMPUTED_VALUE"""),"บ้าน") -> บ้าน | AB67: =IFERROR(__xludf.DUMMYFUNCTION("""COMPUTED_VALUE"""),"supapornp@airasia.com") -> supapornp@airasia.com
A68: =IFERROR(__xludf.DUMMYFUNCTION("""COMPUTED_VALUE"""),1001617.0) -> 1001617 | B68: =IFERROR(__xludf.DUMMYFUNCTION("""COMPUTED_VALUE"""),"Ms.") -> Ms. | C68: =IFERROR(__xludf.DUMMYFUNCTION("""COMPUTED_VALUE"""),"Suthida") -> Suthida | D68: =IFERROR(__xludf.DUMMYFUNCTION("""COMPUTED_VALUE"""),"Tanakarn") -> Tanakarn | E68: =IFERROR(__xludf.DUMMYFUNCTION("""COMPUTED_VALUE"""),"Suthida Tanakarn") -> Suthida Tanakarn | F68: =IFERROR(__xludf.DUMMYFUNCTION("""COMPUTED_VALUE"""),"นางสาว") -> นางสาว | G68: =IFERROR(__xludf.DUMMYFUNCTION("""COMPUTED_VALUE"""),"สุธิดา") -> สุธิดา | H68: =IFERROR(__xludf.DUMMYFUNCTION("""COMPUTED_VALUE"""),"ธนกาญจน์") -> ธนกาญจน์ | I68: =IFERROR(__xludf.DUMMYFUNCTION("""COMPUTED_VALUE"""),"สุธิดา ธนกาญจน์") -> สุธิดา ธนกาญจน์ | J68: =IFERROR(__xludf.DUMMYFUNCTION("""COMPUTED_VALUE"""),"Toey") -> Toey | K68: =IFERROR(__xludf.DUMMYFUNCTION("""COMPUTED_VALUE"""),"Cabin Crew") -> Cabin Crew | L68: =IFERROR(__xludf.DUMMYFUNCTION("""COMPUTED_VALUE"""),"DMK") -> DMK | M68: =IFERROR(__xludf.DUMMYFUNCTION("""COMPUTED_VALUE"""),"Toffy Home") -> Toffy Home | N68: =IFERROR(__xludf.DUMMYFUNCTION("""COMPUTED_VALUE"""),"Active") -> Active | P68: =IFERROR(__xludf.DUMMYFUNCTION("""COMPUTED_VALUE"""),29862.0) -> 29862 | Q68: =IFERROR(__xludf.DUMMYFUNCTION("""COMPUTED_VALUE"""),"098 464 0874") -> 098 464 0874 | R68: =IFERROR(__xludf.DUMMYFUNCTION("""COMPUTED_VALUE"""),"3102200-44-2126") -> 3102200-44-2126 | S68: =IFERROR(__xludf.DUMMYFUNCTION("""COMPUTED_VALUE"""),"AC6629704") -> AC6629704 | T68: =IFERROR(__xludf.DUMMYFUNCTION("""COMPUTED_VALUE"""),45411.0) -> 45411 | U68: =IFERROR(__xludf.DUMMYFUNCTION("""COMPUTED_VALUE"""),49062.0) -> 49062 | V68: =IFERROR(__xludf.DUMMYFUNCTION("""COMPUTED_VALUE"""),48880.0) -> 48880 | W68: =IFERROR(__xludf.DUMMYFUNCTION("""COMPUTED_VALUE"""),"ปลอดภัย") -> ปลอดภัย | X68: =IFERROR(__xludf.DUMMYFUNCTION("""COMPUTED_VALUE"""),"Bangkok") -> Bangkok | Y68: =IFERROR(__xludf.DUMMYFUNCTION("""COMPUTED_VALUE"""),"วังทองหลาง") -> วังทองหลาง | Z68: =IFERROR(__xludf.DUMMYFUNCTION("""COMPUTED_VALUE"""),"086 904 3333") -> 086 904 3333 | AA68: =IFERROR(__xludf.DUMMYFUNCTION("""COMPUTED_VALUE"""),"เพื่อน") -> เพื่อน | AB68: =IFERROR(__xludf.DUMMYFUNCTION("""COMPUTED_VALUE"""),"suthidat@airasia.com") -> suthidat@airasia.com
A69: =IFERROR(__xludf.DUMMYFUNCTION("""COMPUTED_VALUE"""),1001622.0) -> 1001622 | B69: =IFERROR(__xludf.DUMMYFUNCTION("""COMPUTED_VALUE"""),"Ms.") -> Ms. | C69: =IFERROR(__xludf.DUMMYFUNCTION("""COMPUTED_VALUE"""),"Waraluck") -> Waraluck | D69: =IFERROR(__xludf.DUMMYFUNCTION("""COMPUTED_VALUE"""),"Meksikarin") -> Meksikarin | E69: =IFERROR(__xludf.DUMMYFUNCTION("""COMPUTED_VALUE"""),"Waraluck Meksikarin") -> Waraluck Meksikarin | F69: =IFERROR(__xludf.DUMMYFUNCTION("""COMPUTED_VALUE"""),"นางสาว") -> นางสาว | G69: =IFERROR(__xludf.DUMMYFUNCTION("""COMPUTED_VALUE"""),"วราลักษณ์") -> วราลักษณ์ | H69: =IFERROR(__xludf.DUMMYFUNCTION("""COMPUTED_VALUE"""),"เมฆศิขริน") -> เมฆศิขริน | I69: =IFERROR(__xludf.DUMMYFUNCTION("""COMPUTED_VALUE"""),"วราลักษณ์ เมฆศิขริน") -> วราลักษณ์ เมฆศิขริน | J69: =IFERROR(__xludf.DUMMYFUNCTION("""COMPUTED_VALUE"""),"Mickey") -> Mickey | K69: =IFERROR(__xludf.DUMMYFUNCTION("""COMPUTED_VALUE"""),"Senior Cabin Crew - BKK") -> Senior Cabin Crew - BKK | L69: =IFERROR(__xludf.DUMMYFUNCTION("""COMPUTED_VALUE"""),"BKK") -> BKK | M69: =IFERROR(__xludf.DUMMYFUNCTION("""COMPUTED_VALUE"""),"Nhui Home") -> Nhui Home | N69: =IFERROR(__xludf.DUMMYFUNCTION("""COMPUTED_VALUE"""),"Active") -> Active | O69: =IFERROR(__xludf.DUMMYFUNCTION("""COMPUTED_VALUE"""),"Chinese Speaking / SCC Line Checker 2025") -> Chinese Speaking / SCC Line Checker 2025 | P69: =IFERROR(__xludf.DUMMYFUNCTION("""COMPUTED_VALUE"""),28802.0) -> 28802 | Q69: =IFERROR(__xludf.DUMMYFUNCTION("""COMPUTED_VALUE"""),"093-4451556") -> 093-4451556 | R69: =IFERROR(__xludf.DUMMYFUNCTION("""COMPUTED_VALUE"""),"3959900-17-2457") -> 3959900-17-2457 | S69: =IFERROR(__xludf.DUMMYFUNCTION("""COMPUTED_VALUE"""),"AC5330759") -> AC5330759 | T69: =IFERROR(__xludf.DUMMYFUNCTION("""COMPUTED_VALUE"""),45125.0) -> 45125 | U69: =IFERROR(__xludf.DUMMYFUNCTION("""COMPUTED_VALUE"""),48777.0) -> 48777 | V69: =IFERROR(__xludf.DUMMYFUNCTION("""COMPUTED_VALUE"""),48596.0) -> 48596 | W69: =IFERROR(__xludf.DUMMYFUNCTION("""COMPUTED_VALUE"""),"ปลอดภัย") -> ปลอดภัย | X69: =IFERROR(__xludf.DUMMYFUNCTION("""COMPUTED_VALUE"""),"Yala Province") -> Yala Province | Y69: =IFERROR(__xludf.DUMMYFUNCTION("""COMPUTED_VALUE"""),"บางขุนเทียน") -> บางขุนเทียน | Z69: =IFERROR(__xludf.DUMMYFUNCTION("""COMPUTED_VALUE"""),"! Update !") -> ! Update ! | AA69: =IFERROR(__xludf.DUMMYFUNCTION("""COMPUTED_VALUE"""),"! Update !") -> ! Update ! | AB69: =IFERROR(__xludf.DUMMYFUNCTION("""COMPUTED_VALUE"""),"waraluckm@airasia.com") -> waraluckm@airasia.com
AB70: =IFERROR(__xludf.DUMMYFUNCTION("""COMPUTED_VALUE"""),"")
A71: =IFERROR(__xludf.DUMMYFUNCTION("""COMPUTED_VALUE"""),1001684.0) -> 1001684 | B71: =IFERROR(__xludf.DUMMYFUNCTION("""COMPUTED_VALUE"""),"Ms.") -> Ms. | C71: =IFERROR(__xludf.DUMMYFUNCTION("""COMPUTED_VALUE"""),"Smita") -> Smita | D71: =IFERROR(__xludf.DUMMYFUNCTION("""COMPUTED_VALUE"""),"Kittisastra") -> Kittisastra | E71: =IFERROR(__xludf.DUMMYFUNCTION("""COMPUTED_VALUE"""),"Smita Kittisastra") -> Smita Kittisastra | F71: =IFERROR(__xludf.DUMMYFUNCTION("""COMPUTED_VALUE"""),"นางสาว") -> นางสาว | G71: =IFERROR(__xludf.DUMMYFUNCTION("""COMPUTED_VALUE"""),"สมิตา") -> สมิตา | H71: =IFERROR(__xludf.DUMMYFUNCTION("""COMPUTED_VALUE"""),"กิตติศาสตรา") -> กิตติศาสตรา | I71: =IFERROR(__xludf.DUMMYFUNCTION("""COMPUTED_VALUE"""),"สมิตา กิตติศาสตรา") -> สมิตา กิตติศาสตรา | J71: =IFERROR(__xludf.DUMMYFUNCTION("""COMPUTED_VALUE"""),"NeNe") -> NeNe | K71: =IFERROR(__xludf.DUMMYFUNCTION("""COMPUTED_VALUE"""),"Senior Cabin Crew") -> Senior Cabin Crew | L71: =IFERROR(__xludf.DUMMYFUNCTION("""COMPUTED_VALUE"""),"DMK") -> DMK | M71: =IFERROR(__xludf.DUMMYFUNCTION("""COMPUTED_VALUE"""),"Um Home") -> Um Home | N71: =IFERROR(__xludf.DUMMYFUNCTION("""COMPUTED_VALUE"""),"Active") -> Active | P71: =IFERROR(__xludf.DUMMYFUNCTION("""COMPUTED_VALUE"""),29554.0) -> 29554 | Q71: =IFERROR(__xludf.DUMMYFUNCTION("""COMPUTED_VALUE"""),"081 988 5188") -> 081 988 5188 | R71: =IFERROR(__xludf.DUMMYFUNCTION("""COMPUTED_VALUE"""),"3229800-03-4521") -> 3229800-03-4521 | S71: =IFERROR(__xludf.DUMMYFUNCTION("""COMPUTED_VALUE"""),"AC7832652") -> AC7832652 | T71: =IFERROR(__xludf.DUMMYFUNCTION("""COMPUTED_VALUE"""),45666.0) -> 45666 | U71: =IFERROR(__xludf.DUMMYFUNCTION("""COMPUTED_VALUE"""),49317.0) -> 49317 | V71: =IFERROR(__xludf.DUMMYFUNCTION("""COMPUTED_VALUE"""),49133.0) -> 49133 | W71: =IFERROR(__xludf.DUMMYFUNCTION("""COMPUTED_VALUE"""),"ปลอดภัย") -> ปลอดภัย | X71: =IFERROR(__xludf.DUMMYFUNCTION("""COMPUTED_VALUE"""),"Chanthaburi Province") -> Chanthaburi Province | Y71: =IFERROR(__xludf.DUMMYFUNCTION("""COMPUTED_VALUE"""),"ประเวศ") -> ประเวศ | Z71: =IFERROR(__xludf.DUMMYFUNCTION("""COMPUTED_VALUE"""),"02 967 7740") -> 02 967 7740 | AA71: =IFERROR(__xludf.DUMMYFUNCTION("""COMPUTED_VALUE"""),"พี่สาว") -> พี่สาว | AB71: =IFERROR(__xludf.DUMMYFUNCTION("""COMPUTED_VALUE"""),"smitak@airasia.com") -> smitak@airasia.com
